<?xml version="1.0" encoding="UTF-8"?>
<GenRun Id="lab_2_auto_pc_0_synth_1" LaunchPart="xc7z020clg400-1" LaunchTime="1706846261">
  <File Type="PA-TCL" Name="lab_2_auto_pc_0.tcl"/>
  <File Type="REPORTS-TCL" Name="lab_2_auto_pc_0_reports.tcl"/>
  <File Type="RDS-RDS" Name="lab_2_auto_pc_0.vds"/>
  <File Type="RDS-UTIL" Name="lab_2_auto_pc_0_utilization_synth.rpt"/>
  <File Type="RDS-UTIL-PB" Name="lab_2_auto_pc_0_utilization_synth.pb"/>
  <File Type="RDS-DCP" Name="lab_2_auto_pc_0.dcp"/>
  <FileSet Name="sources" Type="BlockSrcs" RelSrcDir="$PSRCDIR/lab_2_auto_pc_0">
    <File Path="$PSRCDIR/sources_1/bd/lab_2/ip/lab_2_auto_pc_0/lab_2_auto_pc_0.xci">
      <FileInfo>
        <Attr Name="Library" Val="xil_defaultlib"/>
        <Attr Name="UsedIn" Val="synthesis"/>
        <Attr Name="UsedIn" Val="implementation"/>
        <Attr Name="UsedIn" Val="simulation"/>
        <Attr Name="ProcessingOrder" Val="EARLY"/>
      </FileInfo>
    </File>
    <Config>
      <Option Name="TopModule" Val="lab_2_auto_pc_0"/>
      <Option Name="UseBlackboxStub" Val="1"/>
    </Config>
  </FileSet>
  <FileSet Name="constrs_in" Type="BlockSrcs" RelSrcDir="$PSRCDIR/lab_2_auto_pc_0">
    <File Path="$PSRCDIR/sources_1/bd/lab_2/ip/lab_2_auto_pc_0/lab_2_auto_pc_0.xci">
      <FileInfo>
        <Attr Name="Library" Val="xil_defaultlib"/>
        <Attr Name="UsedIn" Val="synthesis"/>
        <Attr Name="UsedIn" Val="implementation"/>
        <Attr Name="UsedIn" Val="simulation"/>
        <Attr Name="ProcessingOrder" Val="EARLY"/>
      </FileInfo>
    </File>
    <Config>
      <Option Name="TopModule" Val="lab_2_auto_pc_0"/>
      <Option Name="UseBlackboxStub" Val="1"/>
    </Config>
  </FileSet>
  <FileSet Name="utils" Type="Utils" RelSrcDir="$PSRCDIR/utils_1">
    <Filter Type="Utils"/>
    <Config>
      <Option Name="TopAutoSet" Val="TRUE"/>
    </Config>
  </FileSet>
  <Strategy Version="1" Minor="2">
    <StratHandle Name="Vivado Synthesis Defaults" Flow="Vivado Synthesis 2018"/>
    <Step Id="synth_design"/>
  </Strategy>
</GenRun>
