<annotationInfo>
<annotationInfo>
<item  id="2088" filename="lab6/vhls/convolution.cpp" linenumber="106" name="exitcond1" contextFuncName="hw_conv" moduleName="hw_conv" rtlName="exitcond1_fu_7341_p2" latency="0" BRAM="-1" DSP="-1" FF="0" LUT="18" fileDirectory="C:\Users\alexivensky\ADDLabs"><\/item>
<item  id="2090" filename="lab6/vhls/convolution.cpp" linenumber="106" name="i_1" contextFuncName="hw_conv" moduleName="hw_conv" rtlName="i_1_fu_7347_p2" latency="0" BRAM="-1" DSP="-1" FF="0" LUT="26" fileDirectory="C:\Users\alexivensky\ADDLabs"><\/item>
<item  id="3120" filename="lab6/vhls/convolution.cpp" linenumber="157" name="tmp" contextFuncName="hw_conv" moduleName="hw_conv" rtlName="tmp_fu_12478_p3" latency="0" BRAM="-1" DSP="-1" FF="-1" LUT="-1" fileDirectory="C:\Users\alexivensky\ADDLabs"><\/item>
<item  id="3129" filename="lab6/vhls/convolution.cpp" linenumber="186" name="tmp_12_cast" contextFuncName="hw_conv" moduleName="hw_conv" rtlName="tmp_12_cast_fu_12495_p1" latency="0" BRAM="-1" DSP="-1" FF="-1" LUT="-1" fileDirectory="C:\Users\alexivensky\ADDLabs"><\/item>
<item  id="3130" filename="lab6/vhls/convolution.cpp" linenumber="186" name="tmp_12_0_1_cast" contextFuncName="hw_conv" moduleName="hw_conv" rtlName="tmp_12_0_1_cast_fu_12499_p1" latency="0" BRAM="-1" DSP="-1" FF="-1" LUT="-1" fileDirectory="C:\Users\alexivensky\ADDLabs"><\/item>
<item  id="3131" filename="lab6/vhls/convolution.cpp" linenumber="186" name="tmp_12_0_2_cast" contextFuncName="hw_conv" moduleName="hw_conv" rtlName="tmp_12_0_2_cast_fu_12503_p1" latency="0" BRAM="-1" DSP="-1" FF="-1" LUT="-1" fileDirectory="C:\Users\alexivensky\ADDLabs"><\/item>
<item  id="3132" filename="lab6/vhls/convolution.cpp" linenumber="186" name="tmp_12_1_cast" contextFuncName="hw_conv" moduleName="hw_conv" rtlName="tmp_12_1_cast_fu_12507_p1" latency="0" BRAM="-1" DSP="-1" FF="-1" LUT="-1" fileDirectory="C:\Users\alexivensky\ADDLabs"><\/item>
<item  id="3133" filename="lab6/vhls/convolution.cpp" linenumber="186" name="tmp1" contextFuncName="hw_conv" moduleName="hw_conv" rtlName="tmp1_fu_12511_p2" latency="0" BRAM="-1" DSP="-1" FF="0" LUT="15" fileDirectory="C:\Users\alexivensky\ADDLabs"><\/item>
<item  id="3134" filename="lab6/vhls/convolution.cpp" linenumber="186" name="tmp1_cast" contextFuncName="hw_conv" moduleName="hw_conv" rtlName="tmp1_cast_fu_12517_p1" latency="0" BRAM="-1" DSP="-1" FF="-1" LUT="-1" fileDirectory="C:\Users\alexivensky\ADDLabs"><\/item>
<item  id="3135" filename="lab6/vhls/convolution.cpp" linenumber="186" name="tmp2" contextFuncName="hw_conv" moduleName="hw_conv" rtlName="tmp2_fu_12521_p2" latency="0" BRAM="-1" DSP="-1" FF="0" LUT="15" fileDirectory="C:\Users\alexivensky\ADDLabs"><\/item>
<item  id="3136" filename="lab6/vhls/convolution.cpp" linenumber="186" name="tmp2_cast" contextFuncName="hw_conv" moduleName="hw_conv" rtlName="tmp2_cast_fu_12527_p1" latency="0" BRAM="-1" DSP="-1" FF="-1" LUT="-1" fileDirectory="C:\Users\alexivensky\ADDLabs"><\/item>
<item  id="3137" filename="lab6/vhls/convolution.cpp" linenumber="186" name="result_3_1" contextFuncName="hw_conv" moduleName="hw_conv" rtlName="result_3_1_fu_12531_p2" latency="0" BRAM="-1" DSP="-1" FF="0" LUT="14" fileDirectory="C:\Users\alexivensky\ADDLabs"><\/item>
<item  id="3138" filename="lab6/vhls/convolution.cpp" linenumber="186" name="result_3_1_cast" contextFuncName="hw_conv" moduleName="hw_conv" rtlName="result_3_1_cast_fu_12552_p1" latency="0" BRAM="-1" DSP="-1" FF="-1" LUT="-1" fileDirectory="C:\Users\alexivensky\ADDLabs"><\/item>
<item  id="3139" filename="lab6/vhls/convolution.cpp" linenumber="186" name="p_shl" contextFuncName="hw_conv" moduleName="hw_conv" rtlName="p_shl_fu_12555_p3" latency="0" BRAM="-1" DSP="-1" FF="-1" LUT="-1" fileDirectory="C:\Users\alexivensky\ADDLabs"><\/item>
<item  id="3140" filename="lab6/vhls/convolution.cpp" linenumber="186" name="p_shl_cast" contextFuncName="hw_conv" moduleName="hw_conv" rtlName="p_shl_cast_fu_12562_p1" latency="0" BRAM="-1" DSP="-1" FF="-1" LUT="-1" fileDirectory="C:\Users\alexivensky\ADDLabs"><\/item>
<item  id="3141" filename="lab6/vhls/convolution.cpp" linenumber="186" name="result_3_1_1" contextFuncName="hw_conv" moduleName="hw_conv" rtlName="result_3_1_1_fu_12566_p2" latency="0" BRAM="-1" DSP="-1" FF="0" LUT="12" fileDirectory="C:\Users\alexivensky\ADDLabs"><\/item>
<item  id="3143" filename="lab6/vhls/convolution.cpp" linenumber="186" name="tmp_2" contextFuncName="hw_conv" moduleName="hw_conv" rtlName="tmp_2_fu_12575_p1" latency="0" BRAM="-1" DSP="-1" FF="-1" LUT="-1" fileDirectory="C:\Users\alexivensky\ADDLabs"><\/item>
<item  id="3144" filename="lab6/vhls/convolution.cpp" linenumber="186" name="tmp_12_2_cast" contextFuncName="hw_conv" moduleName="hw_conv" rtlName="tmp_12_2_cast_fu_12579_p1" latency="0" BRAM="-1" DSP="-1" FF="-1" LUT="-1" fileDirectory="C:\Users\alexivensky\ADDLabs"><\/item>
<item  id="3145" filename="lab6/vhls/convolution.cpp" linenumber="186" name="tmp_12_2_1_cast" contextFuncName="hw_conv" moduleName="hw_conv" rtlName="tmp_12_2_1_cast_fu_12582_p1" latency="0" BRAM="-1" DSP="-1" FF="-1" LUT="-1" fileDirectory="C:\Users\alexivensky\ADDLabs"><\/item>
<item  id="3146" filename="lab6/vhls/convolution.cpp" linenumber="186" name="tmp_12_2_2_cast" contextFuncName="hw_conv" moduleName="hw_conv" rtlName="tmp_12_2_2_cast_fu_12585_p1" latency="0" BRAM="-1" DSP="-1" FF="-1" LUT="-1" fileDirectory="C:\Users\alexivensky\ADDLabs"><\/item>
<item  id="3147" filename="lab6/vhls/convolution.cpp" linenumber="186" name="tmp5" contextFuncName="hw_conv" moduleName="hw_conv" rtlName="tmp5_fu_12589_p2" latency="0" BRAM="-1" DSP="-1" FF="0" LUT="8" fileDirectory="C:\Users\alexivensky\ADDLabs"><\/item>
<item  id="3148" filename="lab6/vhls/convolution.cpp" linenumber="186" name="tmp7" contextFuncName="hw_conv" moduleName="hw_conv" rtlName="tmp7_fu_12595_p2" latency="0" BRAM="-1" DSP="-1" FF="0" LUT="15" fileDirectory="C:\Users\alexivensky\ADDLabs"><\/item>
<item  id="3149" filename="lab6/vhls/convolution.cpp" linenumber="186" name="tmp7_cast" contextFuncName="hw_conv" moduleName="hw_conv" rtlName="tmp7_cast_fu_12601_p1" latency="0" BRAM="-1" DSP="-1" FF="-1" LUT="-1" fileDirectory="C:\Users\alexivensky\ADDLabs"><\/item>
<item  id="3150" filename="lab6/vhls/convolution.cpp" linenumber="186" name="tmp6" contextFuncName="hw_conv" moduleName="hw_conv" rtlName="tmp6_fu_12605_p2" latency="0" BRAM="-1" DSP="-1" FF="0" LUT="14" fileDirectory="C:\Users\alexivensky\ADDLabs"><\/item>
<item  id="3151" filename="lab6/vhls/convolution.cpp" linenumber="186" name="tmp6_cast" contextFuncName="hw_conv" moduleName="hw_conv" rtlName="tmp6_cast_fu_12611_p1" latency="0" BRAM="-1" DSP="-1" FF="-1" LUT="-1" fileDirectory="C:\Users\alexivensky\ADDLabs"><\/item>
<item  id="3152" filename="lab6/vhls/convolution.cpp" linenumber="186" name="result" contextFuncName="hw_conv" moduleName="hw_conv" rtlName="result_fu_12615_p2" latency="0" BRAM="-1" DSP="-1" FF="0" LUT="8" fileDirectory="C:\Users\alexivensky\ADDLabs"><\/item>
<item  id="3153" filename="lab6/vhls/convolution.cpp" linenumber="192" name="tmp_3" contextFuncName="hw_conv" moduleName="hw_conv" rtlName="tmp_3_reg_18897" latency="0" BRAM="-1" DSP="-1" FF="-1" LUT="-1" fileDirectory="C:\Users\alexivensky\ADDLabs"><\/item>
<item  id="3154" filename="lab6/vhls/convolution.cpp" linenumber="194" name="tmp_4" contextFuncName="hw_conv" moduleName="hw_conv" rtlName="tmp_4_reg_18903" latency="0" BRAM="-1" DSP="-1" FF="-1" LUT="-1" fileDirectory="C:\Users\alexivensky\ADDLabs"><\/item>
<item  id="3155" filename="lab6/vhls/convolution.cpp" linenumber="194" name="icmp" contextFuncName="hw_conv" moduleName="hw_conv" rtlName="icmp_fu_12660_p2" latency="0" BRAM="-1" DSP="-1" FF="0" LUT="9" fileDirectory="C:\Users\alexivensky\ADDLabs"><\/item>
<item  id="3156" filename="lab6/vhls/convolution.cpp" linenumber="186" name="tmp8" contextFuncName="hw_conv" moduleName="hw_conv" rtlName="tmp8_fu_12639_p2" latency="0" BRAM="-1" DSP="-1" FF="0" LUT="15" fileDirectory="C:\Users\alexivensky\ADDLabs"><\/item>
<item  id="3159" filename="lab6/vhls/convolution.cpp" linenumber="186" name="tmp_8" contextFuncName="hw_conv" moduleName="hw_conv" rtlName="tmp_8_fu_12654_p2" latency="0" BRAM="-1" DSP="-1" FF="0" LUT="8" fileDirectory="C:\Users\alexivensky\ADDLabs"><\/item>
<item  id="3160" filename="lab6/vhls/convolution.cpp" linenumber="192" name="not_tmp_9" contextFuncName="hw_conv" moduleName="hw_conv" rtlName="not_tmp_9_fu_12665_p2" latency="0" BRAM="-1" DSP="-1" FF="0" LUT="2" fileDirectory="C:\Users\alexivensky\ADDLabs"><\/item>
<item  id="3161" filename="lab6/vhls/convolution.cpp" linenumber="192" name="phitmp_cast" contextFuncName="hw_conv" moduleName="hw_conv" rtlName="phitmp_cast_fu_12670_p3" latency="0" BRAM="-1" DSP="-1" FF="0" LUT="2" fileDirectory="C:\Users\alexivensky\ADDLabs"><\/item>
<item  id="3162" filename="lab6/vhls/convolution.cpp" linenumber="192" name="tmp_5" contextFuncName="hw_conv" moduleName="hw_conv" rtlName="tmp_5_fu_12678_p2" latency="0" BRAM="-1" DSP="-1" FF="0" LUT="2" fileDirectory="C:\Users\alexivensky\ADDLabs"><\/item>
<item  id="3163" filename="lab6/vhls/convolution.cpp" linenumber="192" name="tmp_V" contextFuncName="hw_conv" moduleName="hw_conv" rtlName="tmp_V_fu_12683_p3" latency="0" BRAM="-1" DSP="-1" FF="0" LUT="8" fileDirectory="C:\Users\alexivensky\ADDLabs"><\/item>
<item  id="3164" filename="lab6/vhls/convolution.cpp" linenumber="199" name="tmp_s" contextFuncName="hw_conv" moduleName="hw_conv" rtlName="tmp_s_fu_12537_p2" latency="0" BRAM="-1" DSP="-1" FF="0" LUT="18" fileDirectory="C:\Users\alexivensky\ADDLabs"><\/item>
<item  id="3167" filename="lab6/vhls/convolution.cpp" linenumber="203" name="tmp_last_V" contextFuncName="hw_conv" moduleName="hw_conv" rtlName="tmp_last_V_fu_12543_p2" latency="0" BRAM="-1" DSP="-1" FF="0" LUT="18" fileDirectory="C:\Users\alexivensky\ADDLabs"><\/item>
<\/annotationInfo>
</annotationInfo>
