<profile>

<section name = "Vivado HLS Report for 'hw_conv'" level="0">
<item name = "Date">Fri Apr 12 17:37:40 2024
</item>
<item name = "Version">2018.3 (Build 2405991 on Thu Dec 06 23:56:15 MST 2018)</item>
<item name = "Project">lab6</item>
<item name = "Solution">solution1</item>
<item name = "Product family">zynq</item>
<item name = "Target device">xc7z020clg400-1</item>
</section>

<section name = "Performance Estimates" level="0">
<item name = "Timing (ns)">
<section name = "" level="1">
<item name = "Target clock period (ns)">10.00</item>
<item name = "Clock uncertainty (ns)">1.25</item>
<item name = "Estimated clock period (ns)">7.524</item>
</section>
</item>
<item name = "Latency (clock cycles)">
<section name = "" level="1">
<item name = "Summary"><table name="" hasTotal="0">
<keys size="6">, min, max, min, max, Type</keys>
<column name="">262661, 262661, 262661, 262661, none</column>
</table>
</item>
<item name = "Detail">
<section name = "" level="1">
<item name = "Instance"><table name="" hasTotal="0">
<keys size="7">Instance, Module, min, max, min, max, Type</keys>
</table>
</item>
<item name = "Loop"><table name="" hasTotal="0">
<keys size="8">Loop Name, min, max, Latency, achieved, target, Count, Pipelined</keys>
<column name="- Loop 1">262659, 262659, 4, 1, 1, 262657, yes</column>
</table>
</item>
</section>
</item>
</section>
</item>
</section>

<section name = "Utilization Estimates" level="0">
<item name = "Summary"><table name="" hasTotal="1">
<keys size="5">Name, BRAM_18K, DSP48E, FF, LUT</keys>
<column name="DSP">-, -, -, -</column>
<column name="Expression">-, -, 0, 304</column>
<column name="FIFO">-, -, -, -</column>
<column name="Instance">-, -, -, -</column>
<column name="Memory">-, -, -, -</column>
<column name="Multiplexer">-, -, -, 228</column>
<column name="Register">0, -, 8482, 64</column>
<specialColumn name="Available">280, 220, 106400, 53200</specialColumn>
<specialColumn name="Utilization (%)">0, 0, 7, 1</specialColumn>
</table>
</item>
<item name = "Detail">
<section name = "" level="1">
<item name = "Instance"><table name="" hasTotal="1">
<keys size="6">Instance, Module, BRAM_18K, DSP48E, FF, LUT</keys>
</table>
</item>
<item name = "DSP48"><table name="" hasTotal="0">
<keys size="3">Instance, Module, Expression</keys>
</table>
</item>
<item name = "Memory"><table name="" hasTotal="1">
<keys size="9">Memory, Module, BRAM_18K, FF, LUT, Words, Bits, Banks, W*Bits*Banks</keys>
</table>
</item>
<item name = "FIFO"><table name="" hasTotal="1">
<keys size="7">Name, BRAM_18K, FF, LUT, Depth, Bits, Size:D*B</keys>
</table>
</item>
<item name = "Expression"><table name="" hasTotal="1">
<keys size="7">Variable Name, Operation, DSP48E, FF, LUT, Bitwidth P0, Bitwidth P1</keys>
<column name="i_1_fu_7347_p2">+, 0, 0, 26, 19, 1</column>
<column name="result_3_1_fu_12531_p2">+, 0, 0, 14, 10, 10</column>
<column name="result_fu_12615_p2">+, 0, 0, 8, 12, 12</column>
<column name="tmp1_fu_12511_p2">+, 0, 0, 15, 9, 9</column>
<column name="tmp2_fu_12521_p2">+, 0, 0, 15, 9, 9</column>
<column name="tmp3_fu_12644_p2">+, 0, 0, 15, 8, 8</column>
<column name="tmp5_fu_12589_p2">+, 0, 0, 8, 12, 12</column>
<column name="tmp6_fu_12605_p2">+, 0, 0, 14, 10, 10</column>
<column name="tmp7_fu_12595_p2">+, 0, 0, 15, 9, 9</column>
<column name="tmp8_fu_12639_p2">+, 0, 0, 15, 8, 8</column>
<column name="tmp9_fu_12649_p2">+, 0, 0, 8, 8, 8</column>
<column name="tmp_8_fu_12654_p2">+, 0, 0, 8, 8, 8</column>
<column name="result_3_1_1_fu_12566_p2">-, 0, 0, 12, 12, 12</column>
<column name="ap_block_pp0_stage0_01001">and, 0, 0, 2, 1, 1</column>
<column name="ap_block_state2_pp0_stage0_iter0">and, 0, 0, 2, 1, 1</column>
<column name="ap_block_state4_io">and, 0, 0, 2, 1, 1</column>
<column name="ap_block_state5_io">and, 0, 0, 2, 1, 1</column>
<column name="ap_predicate_op3112_read_state2">and, 0, 0, 2, 1, 1</column>
<column name="sin_V_data_V_0_load_A">and, 0, 0, 2, 1, 1</column>
<column name="sin_V_data_V_0_load_B">and, 0, 0, 2, 1, 1</column>
<column name="sout_V_data_V_1_load_A">and, 0, 0, 2, 1, 1</column>
<column name="sout_V_data_V_1_load_B">and, 0, 0, 2, 1, 1</column>
<column name="sout_V_last_V_1_load_A">and, 0, 0, 2, 1, 1</column>
<column name="sout_V_last_V_1_load_B">and, 0, 0, 2, 1, 1</column>
<column name="exitcond1_fu_7341_p2">icmp, 0, 0, 18, 19, 19</column>
<column name="icmp_fu_12660_p2">icmp, 0, 0, 9, 4, 1</column>
<column name="sin_V_data_V_0_state_cmp_full">icmp, 0, 0, 8, 2, 1</column>
<column name="sout_V_data_V_1_state_cmp_full">icmp, 0, 0, 8, 2, 1</column>
<column name="sout_V_last_V_1_state_cmp_full">icmp, 0, 0, 8, 2, 1</column>
<column name="tmp_last_V_fu_12543_p2">icmp, 0, 0, 18, 19, 19</column>
<column name="tmp_s_fu_12537_p2">icmp, 0, 0, 18, 19, 10</column>
<column name="ap_block_pp0_stage0_11001">or, 0, 0, 2, 1, 1</column>
<column name="ap_block_state6">or, 0, 0, 2, 1, 1</column>
<column name="tmp_5_fu_12678_p2">or, 0, 0, 2, 1, 1</column>
<column name="phitmp_cast_fu_12670_p3">select, 0, 0, 2, 1, 2</column>
<column name="tmp_V_fu_12683_p3">select, 0, 0, 8, 1, 8</column>
<column name="ap_enable_pp0">xor, 0, 0, 2, 1, 2</column>
<column name="ap_enable_reg_pp0_iter1">xor, 0, 0, 2, 2, 1</column>
<column name="not_tmp_9_fu_12665_p2">xor, 0, 0, 2, 1, 2</column>
</table>
</item>
<item name = "Multiplexer"><table name="" hasTotal="1">
<keys size="5">Name, LUT, Input Size, Bits, Total Bits</keys>
<column name="ap_NS_fsm">21, 4, 1, 4</column>
<column name="ap_enable_reg_pp0_iter1">9, 2, 1, 2</column>
<column name="ap_enable_reg_pp0_iter3">9, 2, 1, 2</column>
<column name="i_reg_4252">9, 2, 19, 38</column>
<column name="sin_TDATA_blk_n">9, 2, 1, 2</column>
<column name="sin_V_data_V_0_data_out">9, 2, 8, 16</column>
<column name="sin_V_data_V_0_state">15, 3, 2, 6</column>
<column name="sin_V_dest_V_0_state">15, 3, 2, 6</column>
<column name="sout_TDATA_blk_n">9, 2, 1, 2</column>
<column name="sout_V_data_V_1_data_out">9, 2, 8, 16</column>
<column name="sout_V_data_V_1_state">15, 3, 2, 6</column>
<column name="sout_V_dest_V_1_state">15, 3, 2, 6</column>
<column name="sout_V_id_V_1_state">15, 3, 2, 6</column>
<column name="sout_V_keep_V_1_state">15, 3, 2, 6</column>
<column name="sout_V_last_V_1_data_out">9, 2, 1, 2</column>
<column name="sout_V_last_V_1_state">15, 3, 2, 6</column>
<column name="sout_V_strb_V_1_state">15, 3, 2, 6</column>
<column name="sout_V_user_V_1_state">15, 3, 2, 6</column>
</table>
</item>
<item name = "Register"><table name="" hasTotal="1">
<keys size="5">Name, FF, LUT, Bits, Const Bits</keys>
<column name="ap_CS_fsm">3, 0, 3, 0</column>
<column name="ap_enable_reg_pp0_iter0">1, 0, 1, 0</column>
<column name="ap_enable_reg_pp0_iter1">1, 0, 1, 0</column>
<column name="ap_enable_reg_pp0_iter2">1, 0, 1, 0</column>
<column name="ap_enable_reg_pp0_iter3">1, 0, 1, 0</column>
<column name="i_reg_4252">19, 0, 19, 0</column>
<column name="kbuf_0_0_fu_104">8, 0, 8, 0</column>
<column name="kbuf_0_1_fu_108">8, 0, 8, 0</column>
<column name="kbuf_0_2_fu_132">8, 0, 8, 0</column>
<column name="kbuf_1_0_fu_116">8, 0, 8, 0</column>
<column name="kbuf_1_1_fu_120">8, 0, 8, 0</column>
<column name="kbuf_1_1_load_reg_18848">8, 0, 8, 0</column>
<column name="kbuf_1_2_fu_2164">8, 0, 8, 0</column>
<column name="kbuf_1_2_load_reg_18859">8, 0, 8, 0</column>
<column name="kbuf_2_0_fu_128">8, 0, 8, 0</column>
<column name="kbuf_2_0_load_reg_18853">8, 0, 8, 0</column>
<column name="kbuf_2_1_1_reg_18865">8, 0, 8, 0</column>
<column name="kbuf_2_1_fu_4200">8, 0, 8, 0</column>
<column name="lbuf_0_0_fu_136">8, 0, 8, 0</column>
<column name="lbuf_0_100_fu_532">8, 0, 8, 0</column>
<column name="lbuf_0_101_fu_536">8, 0, 8, 0</column>
<column name="lbuf_0_102_fu_540">8, 0, 8, 0</column>
<column name="lbuf_0_103_fu_544">8, 0, 8, 0</column>
<column name="lbuf_0_104_fu_548">8, 0, 8, 0</column>
<column name="lbuf_0_105_fu_552">8, 0, 8, 0</column>
<column name="lbuf_0_106_fu_556">8, 0, 8, 0</column>
<column name="lbuf_0_107_fu_560">8, 0, 8, 0</column>
<column name="lbuf_0_108_fu_564">8, 0, 8, 0</column>
<column name="lbuf_0_109_fu_568">8, 0, 8, 0</column>
<column name="lbuf_0_10_fu_176">8, 0, 8, 0</column>
<column name="lbuf_0_110_fu_572">8, 0, 8, 0</column>
<column name="lbuf_0_111_fu_576">8, 0, 8, 0</column>
<column name="lbuf_0_112_fu_580">8, 0, 8, 0</column>
<column name="lbuf_0_113_fu_584">8, 0, 8, 0</column>
<column name="lbuf_0_114_fu_588">8, 0, 8, 0</column>
<column name="lbuf_0_115_fu_592">8, 0, 8, 0</column>
<column name="lbuf_0_116_fu_596">8, 0, 8, 0</column>
<column name="lbuf_0_117_fu_600">8, 0, 8, 0</column>
<column name="lbuf_0_118_fu_604">8, 0, 8, 0</column>
<column name="lbuf_0_119_fu_608">8, 0, 8, 0</column>
<column name="lbuf_0_11_fu_180">8, 0, 8, 0</column>
<column name="lbuf_0_120_fu_612">8, 0, 8, 0</column>
<column name="lbuf_0_121_fu_616">8, 0, 8, 0</column>
<column name="lbuf_0_122_fu_620">8, 0, 8, 0</column>
<column name="lbuf_0_123_fu_624">8, 0, 8, 0</column>
<column name="lbuf_0_124_fu_628">8, 0, 8, 0</column>
<column name="lbuf_0_125_fu_632">8, 0, 8, 0</column>
<column name="lbuf_0_126_fu_636">8, 0, 8, 0</column>
<column name="lbuf_0_127_fu_640">8, 0, 8, 0</column>
<column name="lbuf_0_128_fu_644">8, 0, 8, 0</column>
<column name="lbuf_0_129_fu_648">8, 0, 8, 0</column>
<column name="lbuf_0_12_fu_184">8, 0, 8, 0</column>
<column name="lbuf_0_130_fu_652">8, 0, 8, 0</column>
<column name="lbuf_0_131_fu_656">8, 0, 8, 0</column>
<column name="lbuf_0_132_fu_660">8, 0, 8, 0</column>
<column name="lbuf_0_133_fu_664">8, 0, 8, 0</column>
<column name="lbuf_0_134_fu_668">8, 0, 8, 0</column>
<column name="lbuf_0_135_fu_672">8, 0, 8, 0</column>
<column name="lbuf_0_136_fu_676">8, 0, 8, 0</column>
<column name="lbuf_0_137_fu_680">8, 0, 8, 0</column>
<column name="lbuf_0_138_fu_684">8, 0, 8, 0</column>
<column name="lbuf_0_139_fu_688">8, 0, 8, 0</column>
<column name="lbuf_0_13_fu_188">8, 0, 8, 0</column>
<column name="lbuf_0_140_fu_692">8, 0, 8, 0</column>
<column name="lbuf_0_141_fu_696">8, 0, 8, 0</column>
<column name="lbuf_0_142_fu_700">8, 0, 8, 0</column>
<column name="lbuf_0_143_fu_704">8, 0, 8, 0</column>
<column name="lbuf_0_144_fu_708">8, 0, 8, 0</column>
<column name="lbuf_0_145_fu_712">8, 0, 8, 0</column>
<column name="lbuf_0_146_fu_716">8, 0, 8, 0</column>
<column name="lbuf_0_147_fu_720">8, 0, 8, 0</column>
<column name="lbuf_0_148_fu_724">8, 0, 8, 0</column>
<column name="lbuf_0_149_fu_728">8, 0, 8, 0</column>
<column name="lbuf_0_14_fu_192">8, 0, 8, 0</column>
<column name="lbuf_0_150_fu_732">8, 0, 8, 0</column>
<column name="lbuf_0_151_fu_736">8, 0, 8, 0</column>
<column name="lbuf_0_152_fu_740">8, 0, 8, 0</column>
<column name="lbuf_0_153_fu_744">8, 0, 8, 0</column>
<column name="lbuf_0_154_fu_748">8, 0, 8, 0</column>
<column name="lbuf_0_155_fu_752">8, 0, 8, 0</column>
<column name="lbuf_0_156_fu_756">8, 0, 8, 0</column>
<column name="lbuf_0_157_fu_760">8, 0, 8, 0</column>
<column name="lbuf_0_158_fu_764">8, 0, 8, 0</column>
<column name="lbuf_0_159_fu_768">8, 0, 8, 0</column>
<column name="lbuf_0_15_fu_196">8, 0, 8, 0</column>
<column name="lbuf_0_160_fu_772">8, 0, 8, 0</column>
<column name="lbuf_0_161_fu_776">8, 0, 8, 0</column>
<column name="lbuf_0_162_fu_780">8, 0, 8, 0</column>
<column name="lbuf_0_163_fu_784">8, 0, 8, 0</column>
<column name="lbuf_0_164_fu_788">8, 0, 8, 0</column>
<column name="lbuf_0_165_fu_792">8, 0, 8, 0</column>
<column name="lbuf_0_166_fu_796">8, 0, 8, 0</column>
<column name="lbuf_0_167_fu_800">8, 0, 8, 0</column>
<column name="lbuf_0_168_fu_804">8, 0, 8, 0</column>
<column name="lbuf_0_169_fu_808">8, 0, 8, 0</column>
<column name="lbuf_0_16_fu_200">8, 0, 8, 0</column>
<column name="lbuf_0_170_fu_812">8, 0, 8, 0</column>
<column name="lbuf_0_171_fu_816">8, 0, 8, 0</column>
<column name="lbuf_0_172_fu_820">8, 0, 8, 0</column>
<column name="lbuf_0_173_fu_824">8, 0, 8, 0</column>
<column name="lbuf_0_174_fu_828">8, 0, 8, 0</column>
<column name="lbuf_0_175_fu_832">8, 0, 8, 0</column>
<column name="lbuf_0_176_fu_836">8, 0, 8, 0</column>
<column name="lbuf_0_177_fu_840">8, 0, 8, 0</column>
<column name="lbuf_0_178_fu_844">8, 0, 8, 0</column>
<column name="lbuf_0_179_fu_848">8, 0, 8, 0</column>
<column name="lbuf_0_17_fu_204">8, 0, 8, 0</column>
<column name="lbuf_0_180_fu_852">8, 0, 8, 0</column>
<column name="lbuf_0_181_fu_856">8, 0, 8, 0</column>
<column name="lbuf_0_182_fu_860">8, 0, 8, 0</column>
<column name="lbuf_0_183_fu_864">8, 0, 8, 0</column>
<column name="lbuf_0_184_fu_868">8, 0, 8, 0</column>
<column name="lbuf_0_185_fu_872">8, 0, 8, 0</column>
<column name="lbuf_0_186_fu_876">8, 0, 8, 0</column>
<column name="lbuf_0_187_fu_880">8, 0, 8, 0</column>
<column name="lbuf_0_188_fu_884">8, 0, 8, 0</column>
<column name="lbuf_0_189_fu_888">8, 0, 8, 0</column>
<column name="lbuf_0_18_fu_208">8, 0, 8, 0</column>
<column name="lbuf_0_190_fu_892">8, 0, 8, 0</column>
<column name="lbuf_0_191_fu_896">8, 0, 8, 0</column>
<column name="lbuf_0_192_fu_900">8, 0, 8, 0</column>
<column name="lbuf_0_193_fu_904">8, 0, 8, 0</column>
<column name="lbuf_0_194_fu_908">8, 0, 8, 0</column>
<column name="lbuf_0_195_fu_912">8, 0, 8, 0</column>
<column name="lbuf_0_196_fu_916">8, 0, 8, 0</column>
<column name="lbuf_0_197_fu_920">8, 0, 8, 0</column>
<column name="lbuf_0_198_fu_924">8, 0, 8, 0</column>
<column name="lbuf_0_199_fu_928">8, 0, 8, 0</column>
<column name="lbuf_0_19_fu_212">8, 0, 8, 0</column>
<column name="lbuf_0_1_fu_140">8, 0, 8, 0</column>
<column name="lbuf_0_200_fu_932">8, 0, 8, 0</column>
<column name="lbuf_0_201_fu_936">8, 0, 8, 0</column>
<column name="lbuf_0_202_fu_940">8, 0, 8, 0</column>
<column name="lbuf_0_203_fu_944">8, 0, 8, 0</column>
<column name="lbuf_0_204_fu_948">8, 0, 8, 0</column>
<column name="lbuf_0_205_fu_952">8, 0, 8, 0</column>
<column name="lbuf_0_206_fu_956">8, 0, 8, 0</column>
<column name="lbuf_0_207_fu_960">8, 0, 8, 0</column>
<column name="lbuf_0_208_fu_964">8, 0, 8, 0</column>
<column name="lbuf_0_209_fu_968">8, 0, 8, 0</column>
<column name="lbuf_0_20_fu_216">8, 0, 8, 0</column>
<column name="lbuf_0_210_fu_972">8, 0, 8, 0</column>
<column name="lbuf_0_211_fu_976">8, 0, 8, 0</column>
<column name="lbuf_0_212_fu_980">8, 0, 8, 0</column>
<column name="lbuf_0_213_fu_984">8, 0, 8, 0</column>
<column name="lbuf_0_214_fu_988">8, 0, 8, 0</column>
<column name="lbuf_0_215_fu_992">8, 0, 8, 0</column>
<column name="lbuf_0_216_fu_996">8, 0, 8, 0</column>
<column name="lbuf_0_217_fu_1000">8, 0, 8, 0</column>
<column name="lbuf_0_218_fu_1004">8, 0, 8, 0</column>
<column name="lbuf_0_219_fu_1008">8, 0, 8, 0</column>
<column name="lbuf_0_21_fu_220">8, 0, 8, 0</column>
<column name="lbuf_0_220_fu_1012">8, 0, 8, 0</column>
<column name="lbuf_0_221_fu_1016">8, 0, 8, 0</column>
<column name="lbuf_0_222_fu_1020">8, 0, 8, 0</column>
<column name="lbuf_0_223_fu_1024">8, 0, 8, 0</column>
<column name="lbuf_0_224_fu_1028">8, 0, 8, 0</column>
<column name="lbuf_0_225_fu_1032">8, 0, 8, 0</column>
<column name="lbuf_0_226_fu_1036">8, 0, 8, 0</column>
<column name="lbuf_0_227_fu_1040">8, 0, 8, 0</column>
<column name="lbuf_0_228_fu_1044">8, 0, 8, 0</column>
<column name="lbuf_0_229_fu_1048">8, 0, 8, 0</column>
<column name="lbuf_0_22_fu_224">8, 0, 8, 0</column>
<column name="lbuf_0_230_fu_1052">8, 0, 8, 0</column>
<column name="lbuf_0_231_fu_1056">8, 0, 8, 0</column>
<column name="lbuf_0_232_fu_1060">8, 0, 8, 0</column>
<column name="lbuf_0_233_fu_1064">8, 0, 8, 0</column>
<column name="lbuf_0_234_fu_1068">8, 0, 8, 0</column>
<column name="lbuf_0_235_fu_1072">8, 0, 8, 0</column>
<column name="lbuf_0_236_fu_1076">8, 0, 8, 0</column>
<column name="lbuf_0_237_fu_1080">8, 0, 8, 0</column>
<column name="lbuf_0_238_fu_1084">8, 0, 8, 0</column>
<column name="lbuf_0_239_fu_1088">8, 0, 8, 0</column>
<column name="lbuf_0_23_fu_228">8, 0, 8, 0</column>
<column name="lbuf_0_240_fu_1092">8, 0, 8, 0</column>
<column name="lbuf_0_241_fu_1096">8, 0, 8, 0</column>
<column name="lbuf_0_242_fu_1100">8, 0, 8, 0</column>
<column name="lbuf_0_243_fu_1104">8, 0, 8, 0</column>
<column name="lbuf_0_244_fu_1108">8, 0, 8, 0</column>
<column name="lbuf_0_245_fu_1112">8, 0, 8, 0</column>
<column name="lbuf_0_246_fu_1116">8, 0, 8, 0</column>
<column name="lbuf_0_247_fu_1120">8, 0, 8, 0</column>
<column name="lbuf_0_248_fu_1124">8, 0, 8, 0</column>
<column name="lbuf_0_249_fu_1128">8, 0, 8, 0</column>
<column name="lbuf_0_24_fu_232">8, 0, 8, 0</column>
<column name="lbuf_0_250_fu_1132">8, 0, 8, 0</column>
<column name="lbuf_0_251_fu_1136">8, 0, 8, 0</column>
<column name="lbuf_0_252_fu_1140">8, 0, 8, 0</column>
<column name="lbuf_0_253_fu_1144">8, 0, 8, 0</column>
<column name="lbuf_0_254_fu_1148">8, 0, 8, 0</column>
<column name="lbuf_0_255_fu_1152">8, 0, 8, 0</column>
<column name="lbuf_0_256_fu_1156">8, 0, 8, 0</column>
<column name="lbuf_0_257_fu_1160">8, 0, 8, 0</column>
<column name="lbuf_0_258_fu_1164">8, 0, 8, 0</column>
<column name="lbuf_0_259_fu_1168">8, 0, 8, 0</column>
<column name="lbuf_0_25_fu_236">8, 0, 8, 0</column>
<column name="lbuf_0_260_fu_1172">8, 0, 8, 0</column>
<column name="lbuf_0_261_fu_1176">8, 0, 8, 0</column>
<column name="lbuf_0_262_fu_1180">8, 0, 8, 0</column>
<column name="lbuf_0_263_fu_1184">8, 0, 8, 0</column>
<column name="lbuf_0_264_fu_1188">8, 0, 8, 0</column>
<column name="lbuf_0_265_fu_1192">8, 0, 8, 0</column>
<column name="lbuf_0_266_fu_1196">8, 0, 8, 0</column>
<column name="lbuf_0_267_fu_1200">8, 0, 8, 0</column>
<column name="lbuf_0_268_fu_1204">8, 0, 8, 0</column>
<column name="lbuf_0_269_fu_1208">8, 0, 8, 0</column>
<column name="lbuf_0_26_fu_240">8, 0, 8, 0</column>
<column name="lbuf_0_270_fu_1212">8, 0, 8, 0</column>
<column name="lbuf_0_271_fu_1216">8, 0, 8, 0</column>
<column name="lbuf_0_272_fu_1220">8, 0, 8, 0</column>
<column name="lbuf_0_273_fu_1224">8, 0, 8, 0</column>
<column name="lbuf_0_274_fu_1228">8, 0, 8, 0</column>
<column name="lbuf_0_275_fu_1232">8, 0, 8, 0</column>
<column name="lbuf_0_276_fu_1236">8, 0, 8, 0</column>
<column name="lbuf_0_277_fu_1240">8, 0, 8, 0</column>
<column name="lbuf_0_278_fu_1244">8, 0, 8, 0</column>
<column name="lbuf_0_279_fu_1248">8, 0, 8, 0</column>
<column name="lbuf_0_27_fu_244">8, 0, 8, 0</column>
<column name="lbuf_0_280_fu_1252">8, 0, 8, 0</column>
<column name="lbuf_0_281_fu_1256">8, 0, 8, 0</column>
<column name="lbuf_0_282_fu_1260">8, 0, 8, 0</column>
<column name="lbuf_0_283_fu_1264">8, 0, 8, 0</column>
<column name="lbuf_0_284_fu_1268">8, 0, 8, 0</column>
<column name="lbuf_0_285_fu_1272">8, 0, 8, 0</column>
<column name="lbuf_0_286_fu_1276">8, 0, 8, 0</column>
<column name="lbuf_0_287_fu_1280">8, 0, 8, 0</column>
<column name="lbuf_0_288_fu_1284">8, 0, 8, 0</column>
<column name="lbuf_0_289_fu_1288">8, 0, 8, 0</column>
<column name="lbuf_0_28_fu_248">8, 0, 8, 0</column>
<column name="lbuf_0_290_fu_1292">8, 0, 8, 0</column>
<column name="lbuf_0_291_fu_1296">8, 0, 8, 0</column>
<column name="lbuf_0_292_fu_1300">8, 0, 8, 0</column>
<column name="lbuf_0_293_fu_1304">8, 0, 8, 0</column>
<column name="lbuf_0_294_fu_1308">8, 0, 8, 0</column>
<column name="lbuf_0_295_fu_1312">8, 0, 8, 0</column>
<column name="lbuf_0_296_fu_1316">8, 0, 8, 0</column>
<column name="lbuf_0_297_fu_1320">8, 0, 8, 0</column>
<column name="lbuf_0_298_fu_1324">8, 0, 8, 0</column>
<column name="lbuf_0_299_fu_1328">8, 0, 8, 0</column>
<column name="lbuf_0_29_fu_252">8, 0, 8, 0</column>
<column name="lbuf_0_2_fu_144">8, 0, 8, 0</column>
<column name="lbuf_0_300_fu_1332">8, 0, 8, 0</column>
<column name="lbuf_0_301_fu_1336">8, 0, 8, 0</column>
<column name="lbuf_0_302_fu_1340">8, 0, 8, 0</column>
<column name="lbuf_0_303_fu_1344">8, 0, 8, 0</column>
<column name="lbuf_0_304_fu_1348">8, 0, 8, 0</column>
<column name="lbuf_0_305_fu_1352">8, 0, 8, 0</column>
<column name="lbuf_0_306_fu_1356">8, 0, 8, 0</column>
<column name="lbuf_0_307_fu_1360">8, 0, 8, 0</column>
<column name="lbuf_0_308_fu_1364">8, 0, 8, 0</column>
<column name="lbuf_0_309_fu_1368">8, 0, 8, 0</column>
<column name="lbuf_0_30_fu_256">8, 0, 8, 0</column>
<column name="lbuf_0_310_fu_1372">8, 0, 8, 0</column>
<column name="lbuf_0_311_fu_1376">8, 0, 8, 0</column>
<column name="lbuf_0_312_fu_1380">8, 0, 8, 0</column>
<column name="lbuf_0_313_fu_1384">8, 0, 8, 0</column>
<column name="lbuf_0_314_fu_1388">8, 0, 8, 0</column>
<column name="lbuf_0_315_fu_1392">8, 0, 8, 0</column>
<column name="lbuf_0_316_fu_1396">8, 0, 8, 0</column>
<column name="lbuf_0_317_fu_1400">8, 0, 8, 0</column>
<column name="lbuf_0_318_fu_1404">8, 0, 8, 0</column>
<column name="lbuf_0_319_fu_1408">8, 0, 8, 0</column>
<column name="lbuf_0_31_fu_260">8, 0, 8, 0</column>
<column name="lbuf_0_320_fu_1412">8, 0, 8, 0</column>
<column name="lbuf_0_321_fu_1416">8, 0, 8, 0</column>
<column name="lbuf_0_322_fu_1420">8, 0, 8, 0</column>
<column name="lbuf_0_323_fu_1424">8, 0, 8, 0</column>
<column name="lbuf_0_324_fu_1428">8, 0, 8, 0</column>
<column name="lbuf_0_325_fu_1432">8, 0, 8, 0</column>
<column name="lbuf_0_326_fu_1436">8, 0, 8, 0</column>
<column name="lbuf_0_327_fu_1440">8, 0, 8, 0</column>
<column name="lbuf_0_328_fu_1444">8, 0, 8, 0</column>
<column name="lbuf_0_329_fu_1448">8, 0, 8, 0</column>
<column name="lbuf_0_32_fu_264">8, 0, 8, 0</column>
<column name="lbuf_0_330_fu_1452">8, 0, 8, 0</column>
<column name="lbuf_0_331_fu_1456">8, 0, 8, 0</column>
<column name="lbuf_0_332_fu_1460">8, 0, 8, 0</column>
<column name="lbuf_0_333_fu_1464">8, 0, 8, 0</column>
<column name="lbuf_0_334_fu_1468">8, 0, 8, 0</column>
<column name="lbuf_0_335_fu_1472">8, 0, 8, 0</column>
<column name="lbuf_0_336_fu_1476">8, 0, 8, 0</column>
<column name="lbuf_0_337_fu_1480">8, 0, 8, 0</column>
<column name="lbuf_0_338_fu_1484">8, 0, 8, 0</column>
<column name="lbuf_0_339_fu_1488">8, 0, 8, 0</column>
<column name="lbuf_0_33_fu_268">8, 0, 8, 0</column>
<column name="lbuf_0_340_fu_1492">8, 0, 8, 0</column>
<column name="lbuf_0_341_fu_1496">8, 0, 8, 0</column>
<column name="lbuf_0_342_fu_1500">8, 0, 8, 0</column>
<column name="lbuf_0_343_fu_1504">8, 0, 8, 0</column>
<column name="lbuf_0_344_fu_1508">8, 0, 8, 0</column>
<column name="lbuf_0_345_fu_1512">8, 0, 8, 0</column>
<column name="lbuf_0_346_fu_1516">8, 0, 8, 0</column>
<column name="lbuf_0_347_fu_1520">8, 0, 8, 0</column>
<column name="lbuf_0_348_fu_1524">8, 0, 8, 0</column>
<column name="lbuf_0_349_fu_1528">8, 0, 8, 0</column>
<column name="lbuf_0_34_fu_272">8, 0, 8, 0</column>
<column name="lbuf_0_350_fu_1532">8, 0, 8, 0</column>
<column name="lbuf_0_351_fu_1536">8, 0, 8, 0</column>
<column name="lbuf_0_352_fu_1540">8, 0, 8, 0</column>
<column name="lbuf_0_353_fu_1544">8, 0, 8, 0</column>
<column name="lbuf_0_354_fu_1548">8, 0, 8, 0</column>
<column name="lbuf_0_355_fu_1552">8, 0, 8, 0</column>
<column name="lbuf_0_356_fu_1556">8, 0, 8, 0</column>
<column name="lbuf_0_357_fu_1560">8, 0, 8, 0</column>
<column name="lbuf_0_358_fu_1564">8, 0, 8, 0</column>
<column name="lbuf_0_359_fu_1568">8, 0, 8, 0</column>
<column name="lbuf_0_35_fu_276">8, 0, 8, 0</column>
<column name="lbuf_0_360_fu_1572">8, 0, 8, 0</column>
<column name="lbuf_0_361_fu_1576">8, 0, 8, 0</column>
<column name="lbuf_0_362_fu_1580">8, 0, 8, 0</column>
<column name="lbuf_0_363_fu_1584">8, 0, 8, 0</column>
<column name="lbuf_0_364_fu_1588">8, 0, 8, 0</column>
<column name="lbuf_0_365_fu_1592">8, 0, 8, 0</column>
<column name="lbuf_0_366_fu_1596">8, 0, 8, 0</column>
<column name="lbuf_0_367_fu_1600">8, 0, 8, 0</column>
<column name="lbuf_0_368_fu_1604">8, 0, 8, 0</column>
<column name="lbuf_0_369_fu_1608">8, 0, 8, 0</column>
<column name="lbuf_0_36_fu_280">8, 0, 8, 0</column>
<column name="lbuf_0_370_fu_1612">8, 0, 8, 0</column>
<column name="lbuf_0_371_fu_1616">8, 0, 8, 0</column>
<column name="lbuf_0_372_fu_1620">8, 0, 8, 0</column>
<column name="lbuf_0_373_fu_1624">8, 0, 8, 0</column>
<column name="lbuf_0_374_fu_1628">8, 0, 8, 0</column>
<column name="lbuf_0_375_fu_1632">8, 0, 8, 0</column>
<column name="lbuf_0_376_fu_1636">8, 0, 8, 0</column>
<column name="lbuf_0_377_fu_1640">8, 0, 8, 0</column>
<column name="lbuf_0_378_fu_1644">8, 0, 8, 0</column>
<column name="lbuf_0_379_fu_1648">8, 0, 8, 0</column>
<column name="lbuf_0_37_fu_284">8, 0, 8, 0</column>
<column name="lbuf_0_380_fu_1652">8, 0, 8, 0</column>
<column name="lbuf_0_381_fu_1656">8, 0, 8, 0</column>
<column name="lbuf_0_382_fu_1660">8, 0, 8, 0</column>
<column name="lbuf_0_383_fu_1664">8, 0, 8, 0</column>
<column name="lbuf_0_384_fu_1668">8, 0, 8, 0</column>
<column name="lbuf_0_385_fu_1672">8, 0, 8, 0</column>
<column name="lbuf_0_386_fu_1676">8, 0, 8, 0</column>
<column name="lbuf_0_387_fu_1680">8, 0, 8, 0</column>
<column name="lbuf_0_388_fu_1684">8, 0, 8, 0</column>
<column name="lbuf_0_389_fu_1688">8, 0, 8, 0</column>
<column name="lbuf_0_38_fu_288">8, 0, 8, 0</column>
<column name="lbuf_0_390_fu_1692">8, 0, 8, 0</column>
<column name="lbuf_0_391_fu_1696">8, 0, 8, 0</column>
<column name="lbuf_0_392_fu_1700">8, 0, 8, 0</column>
<column name="lbuf_0_393_fu_1704">8, 0, 8, 0</column>
<column name="lbuf_0_394_fu_1708">8, 0, 8, 0</column>
<column name="lbuf_0_395_fu_1712">8, 0, 8, 0</column>
<column name="lbuf_0_396_fu_1716">8, 0, 8, 0</column>
<column name="lbuf_0_397_fu_1720">8, 0, 8, 0</column>
<column name="lbuf_0_398_fu_1724">8, 0, 8, 0</column>
<column name="lbuf_0_399_fu_1728">8, 0, 8, 0</column>
<column name="lbuf_0_39_fu_292">8, 0, 8, 0</column>
<column name="lbuf_0_3_fu_148">8, 0, 8, 0</column>
<column name="lbuf_0_400_fu_1732">8, 0, 8, 0</column>
<column name="lbuf_0_401_fu_1736">8, 0, 8, 0</column>
<column name="lbuf_0_402_fu_1740">8, 0, 8, 0</column>
<column name="lbuf_0_403_fu_1744">8, 0, 8, 0</column>
<column name="lbuf_0_404_fu_1748">8, 0, 8, 0</column>
<column name="lbuf_0_405_fu_1752">8, 0, 8, 0</column>
<column name="lbuf_0_406_fu_1756">8, 0, 8, 0</column>
<column name="lbuf_0_407_fu_1760">8, 0, 8, 0</column>
<column name="lbuf_0_408_fu_1764">8, 0, 8, 0</column>
<column name="lbuf_0_409_fu_1768">8, 0, 8, 0</column>
<column name="lbuf_0_40_fu_296">8, 0, 8, 0</column>
<column name="lbuf_0_410_fu_1772">8, 0, 8, 0</column>
<column name="lbuf_0_411_fu_1776">8, 0, 8, 0</column>
<column name="lbuf_0_412_fu_1780">8, 0, 8, 0</column>
<column name="lbuf_0_413_fu_1784">8, 0, 8, 0</column>
<column name="lbuf_0_414_fu_1788">8, 0, 8, 0</column>
<column name="lbuf_0_415_fu_1792">8, 0, 8, 0</column>
<column name="lbuf_0_416_fu_1796">8, 0, 8, 0</column>
<column name="lbuf_0_417_fu_1800">8, 0, 8, 0</column>
<column name="lbuf_0_418_fu_1804">8, 0, 8, 0</column>
<column name="lbuf_0_419_fu_1808">8, 0, 8, 0</column>
<column name="lbuf_0_41_fu_300">8, 0, 8, 0</column>
<column name="lbuf_0_420_fu_1812">8, 0, 8, 0</column>
<column name="lbuf_0_421_fu_1816">8, 0, 8, 0</column>
<column name="lbuf_0_422_fu_1820">8, 0, 8, 0</column>
<column name="lbuf_0_423_fu_1824">8, 0, 8, 0</column>
<column name="lbuf_0_424_fu_1828">8, 0, 8, 0</column>
<column name="lbuf_0_425_fu_1832">8, 0, 8, 0</column>
<column name="lbuf_0_426_fu_1836">8, 0, 8, 0</column>
<column name="lbuf_0_427_fu_1840">8, 0, 8, 0</column>
<column name="lbuf_0_428_fu_1844">8, 0, 8, 0</column>
<column name="lbuf_0_429_fu_1848">8, 0, 8, 0</column>
<column name="lbuf_0_42_fu_304">8, 0, 8, 0</column>
<column name="lbuf_0_430_fu_1852">8, 0, 8, 0</column>
<column name="lbuf_0_431_fu_1856">8, 0, 8, 0</column>
<column name="lbuf_0_432_fu_1860">8, 0, 8, 0</column>
<column name="lbuf_0_433_fu_1864">8, 0, 8, 0</column>
<column name="lbuf_0_434_fu_1868">8, 0, 8, 0</column>
<column name="lbuf_0_435_fu_1872">8, 0, 8, 0</column>
<column name="lbuf_0_436_fu_1876">8, 0, 8, 0</column>
<column name="lbuf_0_437_fu_1880">8, 0, 8, 0</column>
<column name="lbuf_0_438_fu_1884">8, 0, 8, 0</column>
<column name="lbuf_0_439_fu_1888">8, 0, 8, 0</column>
<column name="lbuf_0_43_fu_308">8, 0, 8, 0</column>
<column name="lbuf_0_440_fu_1892">8, 0, 8, 0</column>
<column name="lbuf_0_441_fu_1896">8, 0, 8, 0</column>
<column name="lbuf_0_442_fu_1900">8, 0, 8, 0</column>
<column name="lbuf_0_443_fu_1904">8, 0, 8, 0</column>
<column name="lbuf_0_444_fu_1908">8, 0, 8, 0</column>
<column name="lbuf_0_445_fu_1912">8, 0, 8, 0</column>
<column name="lbuf_0_446_fu_1916">8, 0, 8, 0</column>
<column name="lbuf_0_447_fu_1920">8, 0, 8, 0</column>
<column name="lbuf_0_448_fu_1924">8, 0, 8, 0</column>
<column name="lbuf_0_449_fu_1928">8, 0, 8, 0</column>
<column name="lbuf_0_44_fu_312">8, 0, 8, 0</column>
<column name="lbuf_0_450_fu_1932">8, 0, 8, 0</column>
<column name="lbuf_0_451_fu_1936">8, 0, 8, 0</column>
<column name="lbuf_0_452_fu_1940">8, 0, 8, 0</column>
<column name="lbuf_0_453_fu_1944">8, 0, 8, 0</column>
<column name="lbuf_0_454_fu_1948">8, 0, 8, 0</column>
<column name="lbuf_0_455_fu_1952">8, 0, 8, 0</column>
<column name="lbuf_0_456_fu_1956">8, 0, 8, 0</column>
<column name="lbuf_0_457_fu_1960">8, 0, 8, 0</column>
<column name="lbuf_0_458_fu_1964">8, 0, 8, 0</column>
<column name="lbuf_0_459_fu_1968">8, 0, 8, 0</column>
<column name="lbuf_0_45_fu_316">8, 0, 8, 0</column>
<column name="lbuf_0_460_fu_1972">8, 0, 8, 0</column>
<column name="lbuf_0_461_fu_1976">8, 0, 8, 0</column>
<column name="lbuf_0_462_fu_1980">8, 0, 8, 0</column>
<column name="lbuf_0_463_fu_1984">8, 0, 8, 0</column>
<column name="lbuf_0_464_fu_1988">8, 0, 8, 0</column>
<column name="lbuf_0_465_fu_1992">8, 0, 8, 0</column>
<column name="lbuf_0_466_fu_1996">8, 0, 8, 0</column>
<column name="lbuf_0_467_fu_2000">8, 0, 8, 0</column>
<column name="lbuf_0_468_fu_2004">8, 0, 8, 0</column>
<column name="lbuf_0_469_fu_2008">8, 0, 8, 0</column>
<column name="lbuf_0_46_fu_320">8, 0, 8, 0</column>
<column name="lbuf_0_470_fu_2012">8, 0, 8, 0</column>
<column name="lbuf_0_471_fu_2016">8, 0, 8, 0</column>
<column name="lbuf_0_472_fu_2020">8, 0, 8, 0</column>
<column name="lbuf_0_473_fu_2024">8, 0, 8, 0</column>
<column name="lbuf_0_474_fu_2028">8, 0, 8, 0</column>
<column name="lbuf_0_475_fu_2032">8, 0, 8, 0</column>
<column name="lbuf_0_476_fu_2036">8, 0, 8, 0</column>
<column name="lbuf_0_477_fu_2040">8, 0, 8, 0</column>
<column name="lbuf_0_478_fu_2044">8, 0, 8, 0</column>
<column name="lbuf_0_479_fu_2048">8, 0, 8, 0</column>
<column name="lbuf_0_47_fu_324">8, 0, 8, 0</column>
<column name="lbuf_0_480_fu_2052">8, 0, 8, 0</column>
<column name="lbuf_0_481_fu_2056">8, 0, 8, 0</column>
<column name="lbuf_0_482_fu_2060">8, 0, 8, 0</column>
<column name="lbuf_0_483_fu_2064">8, 0, 8, 0</column>
<column name="lbuf_0_484_fu_2068">8, 0, 8, 0</column>
<column name="lbuf_0_485_fu_2072">8, 0, 8, 0</column>
<column name="lbuf_0_486_fu_2076">8, 0, 8, 0</column>
<column name="lbuf_0_487_fu_2080">8, 0, 8, 0</column>
<column name="lbuf_0_488_fu_2084">8, 0, 8, 0</column>
<column name="lbuf_0_489_fu_2088">8, 0, 8, 0</column>
<column name="lbuf_0_48_fu_328">8, 0, 8, 0</column>
<column name="lbuf_0_490_fu_2092">8, 0, 8, 0</column>
<column name="lbuf_0_491_fu_2096">8, 0, 8, 0</column>
<column name="lbuf_0_492_fu_2100">8, 0, 8, 0</column>
<column name="lbuf_0_493_fu_2104">8, 0, 8, 0</column>
<column name="lbuf_0_494_fu_2108">8, 0, 8, 0</column>
<column name="lbuf_0_495_fu_2112">8, 0, 8, 0</column>
<column name="lbuf_0_496_fu_2116">8, 0, 8, 0</column>
<column name="lbuf_0_497_fu_2120">8, 0, 8, 0</column>
<column name="lbuf_0_498_fu_2124">8, 0, 8, 0</column>
<column name="lbuf_0_499_fu_2128">8, 0, 8, 0</column>
<column name="lbuf_0_49_fu_332">8, 0, 8, 0</column>
<column name="lbuf_0_4_fu_152">8, 0, 8, 0</column>
<column name="lbuf_0_500_fu_2132">8, 0, 8, 0</column>
<column name="lbuf_0_501_fu_2136">8, 0, 8, 0</column>
<column name="lbuf_0_502_fu_2140">8, 0, 8, 0</column>
<column name="lbuf_0_503_fu_2144">8, 0, 8, 0</column>
<column name="lbuf_0_504_fu_2148">8, 0, 8, 0</column>
<column name="lbuf_0_505_fu_2152">8, 0, 8, 0</column>
<column name="lbuf_0_506_fu_2156">8, 0, 8, 0</column>
<column name="lbuf_0_507_fu_2160">8, 0, 8, 0</column>
<column name="lbuf_0_508_fu_112">8, 0, 8, 0</column>
<column name="lbuf_0_50_fu_336">8, 0, 8, 0</column>
<column name="lbuf_0_51_fu_340">8, 0, 8, 0</column>
<column name="lbuf_0_52_fu_344">8, 0, 8, 0</column>
<column name="lbuf_0_53_fu_348">8, 0, 8, 0</column>
<column name="lbuf_0_54_fu_352">8, 0, 8, 0</column>
<column name="lbuf_0_55_fu_356">8, 0, 8, 0</column>
<column name="lbuf_0_56_fu_360">8, 0, 8, 0</column>
<column name="lbuf_0_57_fu_364">8, 0, 8, 0</column>
<column name="lbuf_0_58_fu_368">8, 0, 8, 0</column>
<column name="lbuf_0_59_fu_372">8, 0, 8, 0</column>
<column name="lbuf_0_5_fu_156">8, 0, 8, 0</column>
<column name="lbuf_0_60_fu_376">8, 0, 8, 0</column>
<column name="lbuf_0_61_fu_380">8, 0, 8, 0</column>
<column name="lbuf_0_62_fu_384">8, 0, 8, 0</column>
<column name="lbuf_0_63_fu_388">8, 0, 8, 0</column>
<column name="lbuf_0_64_fu_392">8, 0, 8, 0</column>
<column name="lbuf_0_65_fu_396">8, 0, 8, 0</column>
<column name="lbuf_0_66_fu_400">8, 0, 8, 0</column>
<column name="lbuf_0_67_fu_404">8, 0, 8, 0</column>
<column name="lbuf_0_68_fu_408">8, 0, 8, 0</column>
<column name="lbuf_0_69_fu_412">8, 0, 8, 0</column>
<column name="lbuf_0_6_fu_160">8, 0, 8, 0</column>
<column name="lbuf_0_70_fu_416">8, 0, 8, 0</column>
<column name="lbuf_0_71_fu_420">8, 0, 8, 0</column>
<column name="lbuf_0_72_fu_424">8, 0, 8, 0</column>
<column name="lbuf_0_73_fu_428">8, 0, 8, 0</column>
<column name="lbuf_0_74_fu_432">8, 0, 8, 0</column>
<column name="lbuf_0_75_fu_436">8, 0, 8, 0</column>
<column name="lbuf_0_76_fu_440">8, 0, 8, 0</column>
<column name="lbuf_0_77_fu_444">8, 0, 8, 0</column>
<column name="lbuf_0_78_fu_448">8, 0, 8, 0</column>
<column name="lbuf_0_79_fu_452">8, 0, 8, 0</column>
<column name="lbuf_0_7_fu_164">8, 0, 8, 0</column>
<column name="lbuf_0_80_fu_456">8, 0, 8, 0</column>
<column name="lbuf_0_81_fu_460">8, 0, 8, 0</column>
<column name="lbuf_0_82_fu_464">8, 0, 8, 0</column>
<column name="lbuf_0_83_fu_468">8, 0, 8, 0</column>
<column name="lbuf_0_84_fu_472">8, 0, 8, 0</column>
<column name="lbuf_0_85_fu_476">8, 0, 8, 0</column>
<column name="lbuf_0_86_fu_480">8, 0, 8, 0</column>
<column name="lbuf_0_87_fu_484">8, 0, 8, 0</column>
<column name="lbuf_0_88_fu_488">8, 0, 8, 0</column>
<column name="lbuf_0_89_fu_492">8, 0, 8, 0</column>
<column name="lbuf_0_8_fu_168">8, 0, 8, 0</column>
<column name="lbuf_0_90_fu_100">8, 0, 8, 0</column>
<column name="lbuf_0_91_fu_496">8, 0, 8, 0</column>
<column name="lbuf_0_92_fu_500">8, 0, 8, 0</column>
<column name="lbuf_0_93_fu_504">8, 0, 8, 0</column>
<column name="lbuf_0_94_fu_508">8, 0, 8, 0</column>
<column name="lbuf_0_95_fu_512">8, 0, 8, 0</column>
<column name="lbuf_0_96_fu_516">8, 0, 8, 0</column>
<column name="lbuf_0_97_fu_520">8, 0, 8, 0</column>
<column name="lbuf_0_98_fu_524">8, 0, 8, 0</column>
<column name="lbuf_0_99_fu_528">8, 0, 8, 0</column>
<column name="lbuf_0_9_fu_172">8, 0, 8, 0</column>
<column name="lbuf_1_0_fu_2168">8, 0, 8, 0</column>
<column name="lbuf_1_100_fu_2568">8, 0, 8, 0</column>
<column name="lbuf_1_101_fu_2572">8, 0, 8, 0</column>
<column name="lbuf_1_102_fu_2576">8, 0, 8, 0</column>
<column name="lbuf_1_103_fu_2580">8, 0, 8, 0</column>
<column name="lbuf_1_104_fu_2584">8, 0, 8, 0</column>
<column name="lbuf_1_105_fu_2588">8, 0, 8, 0</column>
<column name="lbuf_1_106_fu_2592">8, 0, 8, 0</column>
<column name="lbuf_1_107_fu_2596">8, 0, 8, 0</column>
<column name="lbuf_1_108_fu_2600">8, 0, 8, 0</column>
<column name="lbuf_1_109_fu_2604">8, 0, 8, 0</column>
<column name="lbuf_1_10_fu_2208">8, 0, 8, 0</column>
<column name="lbuf_1_110_fu_2608">8, 0, 8, 0</column>
<column name="lbuf_1_111_fu_2612">8, 0, 8, 0</column>
<column name="lbuf_1_112_fu_2616">8, 0, 8, 0</column>
<column name="lbuf_1_113_fu_2620">8, 0, 8, 0</column>
<column name="lbuf_1_114_fu_2624">8, 0, 8, 0</column>
<column name="lbuf_1_115_fu_2628">8, 0, 8, 0</column>
<column name="lbuf_1_116_fu_2632">8, 0, 8, 0</column>
<column name="lbuf_1_117_fu_2636">8, 0, 8, 0</column>
<column name="lbuf_1_118_fu_2640">8, 0, 8, 0</column>
<column name="lbuf_1_119_fu_2644">8, 0, 8, 0</column>
<column name="lbuf_1_11_fu_2212">8, 0, 8, 0</column>
<column name="lbuf_1_120_fu_2648">8, 0, 8, 0</column>
<column name="lbuf_1_121_fu_2652">8, 0, 8, 0</column>
<column name="lbuf_1_122_fu_2656">8, 0, 8, 0</column>
<column name="lbuf_1_123_fu_2660">8, 0, 8, 0</column>
<column name="lbuf_1_124_fu_2664">8, 0, 8, 0</column>
<column name="lbuf_1_125_fu_2668">8, 0, 8, 0</column>
<column name="lbuf_1_126_fu_2672">8, 0, 8, 0</column>
<column name="lbuf_1_127_fu_2676">8, 0, 8, 0</column>
<column name="lbuf_1_128_fu_2680">8, 0, 8, 0</column>
<column name="lbuf_1_129_fu_2684">8, 0, 8, 0</column>
<column name="lbuf_1_12_fu_2216">8, 0, 8, 0</column>
<column name="lbuf_1_130_fu_2688">8, 0, 8, 0</column>
<column name="lbuf_1_131_fu_2692">8, 0, 8, 0</column>
<column name="lbuf_1_132_fu_2696">8, 0, 8, 0</column>
<column name="lbuf_1_133_fu_2700">8, 0, 8, 0</column>
<column name="lbuf_1_134_fu_2704">8, 0, 8, 0</column>
<column name="lbuf_1_135_fu_2708">8, 0, 8, 0</column>
<column name="lbuf_1_136_fu_2712">8, 0, 8, 0</column>
<column name="lbuf_1_137_fu_2716">8, 0, 8, 0</column>
<column name="lbuf_1_138_fu_2720">8, 0, 8, 0</column>
<column name="lbuf_1_139_fu_2724">8, 0, 8, 0</column>
<column name="lbuf_1_13_fu_2220">8, 0, 8, 0</column>
<column name="lbuf_1_140_fu_2728">8, 0, 8, 0</column>
<column name="lbuf_1_141_fu_2732">8, 0, 8, 0</column>
<column name="lbuf_1_142_fu_2736">8, 0, 8, 0</column>
<column name="lbuf_1_143_fu_2740">8, 0, 8, 0</column>
<column name="lbuf_1_144_fu_2744">8, 0, 8, 0</column>
<column name="lbuf_1_145_fu_2748">8, 0, 8, 0</column>
<column name="lbuf_1_146_fu_2752">8, 0, 8, 0</column>
<column name="lbuf_1_147_fu_2756">8, 0, 8, 0</column>
<column name="lbuf_1_148_fu_2760">8, 0, 8, 0</column>
<column name="lbuf_1_149_fu_2764">8, 0, 8, 0</column>
<column name="lbuf_1_14_fu_2224">8, 0, 8, 0</column>
<column name="lbuf_1_150_fu_2768">8, 0, 8, 0</column>
<column name="lbuf_1_151_fu_2772">8, 0, 8, 0</column>
<column name="lbuf_1_152_fu_2776">8, 0, 8, 0</column>
<column name="lbuf_1_153_fu_2780">8, 0, 8, 0</column>
<column name="lbuf_1_154_fu_2784">8, 0, 8, 0</column>
<column name="lbuf_1_155_fu_2788">8, 0, 8, 0</column>
<column name="lbuf_1_156_fu_2792">8, 0, 8, 0</column>
<column name="lbuf_1_157_fu_2796">8, 0, 8, 0</column>
<column name="lbuf_1_158_fu_2800">8, 0, 8, 0</column>
<column name="lbuf_1_159_fu_2804">8, 0, 8, 0</column>
<column name="lbuf_1_15_fu_2228">8, 0, 8, 0</column>
<column name="lbuf_1_160_fu_2808">8, 0, 8, 0</column>
<column name="lbuf_1_161_fu_2812">8, 0, 8, 0</column>
<column name="lbuf_1_162_fu_2816">8, 0, 8, 0</column>
<column name="lbuf_1_163_fu_2820">8, 0, 8, 0</column>
<column name="lbuf_1_164_fu_2824">8, 0, 8, 0</column>
<column name="lbuf_1_165_fu_2828">8, 0, 8, 0</column>
<column name="lbuf_1_166_fu_2832">8, 0, 8, 0</column>
<column name="lbuf_1_167_fu_2836">8, 0, 8, 0</column>
<column name="lbuf_1_168_fu_2840">8, 0, 8, 0</column>
<column name="lbuf_1_169_fu_2844">8, 0, 8, 0</column>
<column name="lbuf_1_16_fu_2232">8, 0, 8, 0</column>
<column name="lbuf_1_170_fu_2848">8, 0, 8, 0</column>
<column name="lbuf_1_171_fu_2852">8, 0, 8, 0</column>
<column name="lbuf_1_172_fu_2856">8, 0, 8, 0</column>
<column name="lbuf_1_173_fu_2860">8, 0, 8, 0</column>
<column name="lbuf_1_174_fu_2864">8, 0, 8, 0</column>
<column name="lbuf_1_175_fu_2868">8, 0, 8, 0</column>
<column name="lbuf_1_176_fu_2872">8, 0, 8, 0</column>
<column name="lbuf_1_177_fu_2876">8, 0, 8, 0</column>
<column name="lbuf_1_178_fu_2880">8, 0, 8, 0</column>
<column name="lbuf_1_179_fu_2884">8, 0, 8, 0</column>
<column name="lbuf_1_17_fu_2236">8, 0, 8, 0</column>
<column name="lbuf_1_180_fu_2888">8, 0, 8, 0</column>
<column name="lbuf_1_181_fu_2892">8, 0, 8, 0</column>
<column name="lbuf_1_182_fu_2896">8, 0, 8, 0</column>
<column name="lbuf_1_183_fu_2900">8, 0, 8, 0</column>
<column name="lbuf_1_184_fu_2904">8, 0, 8, 0</column>
<column name="lbuf_1_185_fu_2908">8, 0, 8, 0</column>
<column name="lbuf_1_186_fu_2912">8, 0, 8, 0</column>
<column name="lbuf_1_187_fu_2916">8, 0, 8, 0</column>
<column name="lbuf_1_188_fu_2920">8, 0, 8, 0</column>
<column name="lbuf_1_189_fu_2924">8, 0, 8, 0</column>
<column name="lbuf_1_18_fu_2240">8, 0, 8, 0</column>
<column name="lbuf_1_190_fu_2928">8, 0, 8, 0</column>
<column name="lbuf_1_191_fu_2932">8, 0, 8, 0</column>
<column name="lbuf_1_192_fu_2936">8, 0, 8, 0</column>
<column name="lbuf_1_193_fu_2940">8, 0, 8, 0</column>
<column name="lbuf_1_194_fu_2944">8, 0, 8, 0</column>
<column name="lbuf_1_195_fu_2948">8, 0, 8, 0</column>
<column name="lbuf_1_196_fu_2952">8, 0, 8, 0</column>
<column name="lbuf_1_197_fu_2956">8, 0, 8, 0</column>
<column name="lbuf_1_198_fu_2960">8, 0, 8, 0</column>
<column name="lbuf_1_199_fu_2964">8, 0, 8, 0</column>
<column name="lbuf_1_19_fu_2244">8, 0, 8, 0</column>
<column name="lbuf_1_1_fu_2172">8, 0, 8, 0</column>
<column name="lbuf_1_200_fu_2968">8, 0, 8, 0</column>
<column name="lbuf_1_201_fu_2972">8, 0, 8, 0</column>
<column name="lbuf_1_202_fu_2976">8, 0, 8, 0</column>
<column name="lbuf_1_203_fu_2980">8, 0, 8, 0</column>
<column name="lbuf_1_204_fu_2984">8, 0, 8, 0</column>
<column name="lbuf_1_205_fu_2988">8, 0, 8, 0</column>
<column name="lbuf_1_206_fu_2992">8, 0, 8, 0</column>
<column name="lbuf_1_207_fu_2996">8, 0, 8, 0</column>
<column name="lbuf_1_208_fu_3000">8, 0, 8, 0</column>
<column name="lbuf_1_209_fu_3004">8, 0, 8, 0</column>
<column name="lbuf_1_20_fu_2248">8, 0, 8, 0</column>
<column name="lbuf_1_210_fu_3008">8, 0, 8, 0</column>
<column name="lbuf_1_211_fu_3012">8, 0, 8, 0</column>
<column name="lbuf_1_212_fu_3016">8, 0, 8, 0</column>
<column name="lbuf_1_213_fu_3020">8, 0, 8, 0</column>
<column name="lbuf_1_214_fu_3024">8, 0, 8, 0</column>
<column name="lbuf_1_215_fu_3028">8, 0, 8, 0</column>
<column name="lbuf_1_216_fu_3032">8, 0, 8, 0</column>
<column name="lbuf_1_217_fu_3036">8, 0, 8, 0</column>
<column name="lbuf_1_218_fu_3040">8, 0, 8, 0</column>
<column name="lbuf_1_219_fu_3044">8, 0, 8, 0</column>
<column name="lbuf_1_21_fu_2252">8, 0, 8, 0</column>
<column name="lbuf_1_220_fu_3048">8, 0, 8, 0</column>
<column name="lbuf_1_221_fu_3052">8, 0, 8, 0</column>
<column name="lbuf_1_222_fu_3056">8, 0, 8, 0</column>
<column name="lbuf_1_223_fu_3060">8, 0, 8, 0</column>
<column name="lbuf_1_224_fu_3064">8, 0, 8, 0</column>
<column name="lbuf_1_225_fu_3068">8, 0, 8, 0</column>
<column name="lbuf_1_226_fu_3072">8, 0, 8, 0</column>
<column name="lbuf_1_227_fu_3076">8, 0, 8, 0</column>
<column name="lbuf_1_228_fu_3080">8, 0, 8, 0</column>
<column name="lbuf_1_229_fu_3084">8, 0, 8, 0</column>
<column name="lbuf_1_22_fu_2256">8, 0, 8, 0</column>
<column name="lbuf_1_230_fu_3088">8, 0, 8, 0</column>
<column name="lbuf_1_231_fu_3092">8, 0, 8, 0</column>
<column name="lbuf_1_232_fu_3096">8, 0, 8, 0</column>
<column name="lbuf_1_233_fu_3100">8, 0, 8, 0</column>
<column name="lbuf_1_234_fu_3104">8, 0, 8, 0</column>
<column name="lbuf_1_235_fu_3108">8, 0, 8, 0</column>
<column name="lbuf_1_236_fu_3112">8, 0, 8, 0</column>
<column name="lbuf_1_237_fu_3116">8, 0, 8, 0</column>
<column name="lbuf_1_238_fu_3120">8, 0, 8, 0</column>
<column name="lbuf_1_239_fu_3124">8, 0, 8, 0</column>
<column name="lbuf_1_23_fu_2260">8, 0, 8, 0</column>
<column name="lbuf_1_240_fu_3128">8, 0, 8, 0</column>
<column name="lbuf_1_241_fu_3132">8, 0, 8, 0</column>
<column name="lbuf_1_242_fu_3136">8, 0, 8, 0</column>
<column name="lbuf_1_243_fu_3140">8, 0, 8, 0</column>
<column name="lbuf_1_244_fu_3144">8, 0, 8, 0</column>
<column name="lbuf_1_245_fu_3148">8, 0, 8, 0</column>
<column name="lbuf_1_246_fu_3152">8, 0, 8, 0</column>
<column name="lbuf_1_247_fu_3156">8, 0, 8, 0</column>
<column name="lbuf_1_248_fu_3160">8, 0, 8, 0</column>
<column name="lbuf_1_249_fu_3164">8, 0, 8, 0</column>
<column name="lbuf_1_24_fu_2264">8, 0, 8, 0</column>
<column name="lbuf_1_250_fu_3168">8, 0, 8, 0</column>
<column name="lbuf_1_251_fu_3172">8, 0, 8, 0</column>
<column name="lbuf_1_252_fu_3176">8, 0, 8, 0</column>
<column name="lbuf_1_253_fu_3180">8, 0, 8, 0</column>
<column name="lbuf_1_254_fu_3184">8, 0, 8, 0</column>
<column name="lbuf_1_255_fu_3188">8, 0, 8, 0</column>
<column name="lbuf_1_256_fu_3192">8, 0, 8, 0</column>
<column name="lbuf_1_257_fu_3196">8, 0, 8, 0</column>
<column name="lbuf_1_258_fu_3200">8, 0, 8, 0</column>
<column name="lbuf_1_259_fu_3204">8, 0, 8, 0</column>
<column name="lbuf_1_25_fu_2268">8, 0, 8, 0</column>
<column name="lbuf_1_260_fu_3208">8, 0, 8, 0</column>
<column name="lbuf_1_261_fu_3212">8, 0, 8, 0</column>
<column name="lbuf_1_262_fu_3216">8, 0, 8, 0</column>
<column name="lbuf_1_263_fu_3220">8, 0, 8, 0</column>
<column name="lbuf_1_264_fu_3224">8, 0, 8, 0</column>
<column name="lbuf_1_265_fu_3228">8, 0, 8, 0</column>
<column name="lbuf_1_266_fu_3232">8, 0, 8, 0</column>
<column name="lbuf_1_267_fu_3236">8, 0, 8, 0</column>
<column name="lbuf_1_268_fu_3240">8, 0, 8, 0</column>
<column name="lbuf_1_269_fu_3244">8, 0, 8, 0</column>
<column name="lbuf_1_26_fu_2272">8, 0, 8, 0</column>
<column name="lbuf_1_270_fu_3248">8, 0, 8, 0</column>
<column name="lbuf_1_271_fu_3252">8, 0, 8, 0</column>
<column name="lbuf_1_272_fu_3256">8, 0, 8, 0</column>
<column name="lbuf_1_273_fu_3260">8, 0, 8, 0</column>
<column name="lbuf_1_274_fu_3264">8, 0, 8, 0</column>
<column name="lbuf_1_275_fu_3268">8, 0, 8, 0</column>
<column name="lbuf_1_276_fu_3272">8, 0, 8, 0</column>
<column name="lbuf_1_277_fu_3276">8, 0, 8, 0</column>
<column name="lbuf_1_278_fu_3280">8, 0, 8, 0</column>
<column name="lbuf_1_279_fu_3284">8, 0, 8, 0</column>
<column name="lbuf_1_27_fu_2276">8, 0, 8, 0</column>
<column name="lbuf_1_280_fu_3288">8, 0, 8, 0</column>
<column name="lbuf_1_281_fu_3292">8, 0, 8, 0</column>
<column name="lbuf_1_282_fu_3296">8, 0, 8, 0</column>
<column name="lbuf_1_283_fu_3300">8, 0, 8, 0</column>
<column name="lbuf_1_284_fu_3304">8, 0, 8, 0</column>
<column name="lbuf_1_285_fu_3308">8, 0, 8, 0</column>
<column name="lbuf_1_286_fu_3312">8, 0, 8, 0</column>
<column name="lbuf_1_287_fu_3316">8, 0, 8, 0</column>
<column name="lbuf_1_288_fu_3320">8, 0, 8, 0</column>
<column name="lbuf_1_289_fu_3324">8, 0, 8, 0</column>
<column name="lbuf_1_28_fu_2280">8, 0, 8, 0</column>
<column name="lbuf_1_290_fu_3328">8, 0, 8, 0</column>
<column name="lbuf_1_291_fu_3332">8, 0, 8, 0</column>
<column name="lbuf_1_292_fu_3336">8, 0, 8, 0</column>
<column name="lbuf_1_293_fu_3340">8, 0, 8, 0</column>
<column name="lbuf_1_294_fu_3344">8, 0, 8, 0</column>
<column name="lbuf_1_295_fu_3348">8, 0, 8, 0</column>
<column name="lbuf_1_296_fu_3352">8, 0, 8, 0</column>
<column name="lbuf_1_297_fu_3356">8, 0, 8, 0</column>
<column name="lbuf_1_298_fu_3360">8, 0, 8, 0</column>
<column name="lbuf_1_299_fu_3364">8, 0, 8, 0</column>
<column name="lbuf_1_29_fu_2284">8, 0, 8, 0</column>
<column name="lbuf_1_2_fu_2176">8, 0, 8, 0</column>
<column name="lbuf_1_300_fu_3368">8, 0, 8, 0</column>
<column name="lbuf_1_301_fu_3372">8, 0, 8, 0</column>
<column name="lbuf_1_302_fu_3376">8, 0, 8, 0</column>
<column name="lbuf_1_303_fu_3380">8, 0, 8, 0</column>
<column name="lbuf_1_304_fu_3384">8, 0, 8, 0</column>
<column name="lbuf_1_305_fu_3388">8, 0, 8, 0</column>
<column name="lbuf_1_306_fu_3392">8, 0, 8, 0</column>
<column name="lbuf_1_307_fu_3396">8, 0, 8, 0</column>
<column name="lbuf_1_308_fu_3400">8, 0, 8, 0</column>
<column name="lbuf_1_309_fu_3404">8, 0, 8, 0</column>
<column name="lbuf_1_30_fu_2288">8, 0, 8, 0</column>
<column name="lbuf_1_310_fu_3408">8, 0, 8, 0</column>
<column name="lbuf_1_311_fu_3412">8, 0, 8, 0</column>
<column name="lbuf_1_312_fu_3416">8, 0, 8, 0</column>
<column name="lbuf_1_313_fu_3420">8, 0, 8, 0</column>
<column name="lbuf_1_314_fu_3424">8, 0, 8, 0</column>
<column name="lbuf_1_315_fu_3428">8, 0, 8, 0</column>
<column name="lbuf_1_316_fu_3432">8, 0, 8, 0</column>
<column name="lbuf_1_317_fu_3436">8, 0, 8, 0</column>
<column name="lbuf_1_318_fu_3440">8, 0, 8, 0</column>
<column name="lbuf_1_319_fu_3444">8, 0, 8, 0</column>
<column name="lbuf_1_31_fu_2292">8, 0, 8, 0</column>
<column name="lbuf_1_320_fu_3448">8, 0, 8, 0</column>
<column name="lbuf_1_321_fu_3452">8, 0, 8, 0</column>
<column name="lbuf_1_322_fu_3456">8, 0, 8, 0</column>
<column name="lbuf_1_323_fu_3460">8, 0, 8, 0</column>
<column name="lbuf_1_324_fu_3464">8, 0, 8, 0</column>
<column name="lbuf_1_325_fu_3468">8, 0, 8, 0</column>
<column name="lbuf_1_326_fu_3472">8, 0, 8, 0</column>
<column name="lbuf_1_327_fu_3476">8, 0, 8, 0</column>
<column name="lbuf_1_328_fu_3480">8, 0, 8, 0</column>
<column name="lbuf_1_329_fu_3484">8, 0, 8, 0</column>
<column name="lbuf_1_32_fu_2296">8, 0, 8, 0</column>
<column name="lbuf_1_330_fu_3488">8, 0, 8, 0</column>
<column name="lbuf_1_331_fu_3492">8, 0, 8, 0</column>
<column name="lbuf_1_332_fu_3496">8, 0, 8, 0</column>
<column name="lbuf_1_333_fu_3500">8, 0, 8, 0</column>
<column name="lbuf_1_334_fu_3504">8, 0, 8, 0</column>
<column name="lbuf_1_335_fu_3508">8, 0, 8, 0</column>
<column name="lbuf_1_336_fu_3512">8, 0, 8, 0</column>
<column name="lbuf_1_337_fu_3516">8, 0, 8, 0</column>
<column name="lbuf_1_338_fu_3520">8, 0, 8, 0</column>
<column name="lbuf_1_339_fu_3524">8, 0, 8, 0</column>
<column name="lbuf_1_33_fu_2300">8, 0, 8, 0</column>
<column name="lbuf_1_340_fu_3528">8, 0, 8, 0</column>
<column name="lbuf_1_341_fu_3532">8, 0, 8, 0</column>
<column name="lbuf_1_342_fu_3536">8, 0, 8, 0</column>
<column name="lbuf_1_343_fu_3540">8, 0, 8, 0</column>
<column name="lbuf_1_344_fu_3544">8, 0, 8, 0</column>
<column name="lbuf_1_345_fu_3548">8, 0, 8, 0</column>
<column name="lbuf_1_346_fu_3552">8, 0, 8, 0</column>
<column name="lbuf_1_347_fu_3556">8, 0, 8, 0</column>
<column name="lbuf_1_348_fu_3560">8, 0, 8, 0</column>
<column name="lbuf_1_349_fu_3564">8, 0, 8, 0</column>
<column name="lbuf_1_34_fu_2304">8, 0, 8, 0</column>
<column name="lbuf_1_350_fu_3568">8, 0, 8, 0</column>
<column name="lbuf_1_351_fu_3572">8, 0, 8, 0</column>
<column name="lbuf_1_352_fu_3576">8, 0, 8, 0</column>
<column name="lbuf_1_353_fu_3580">8, 0, 8, 0</column>
<column name="lbuf_1_354_fu_3584">8, 0, 8, 0</column>
<column name="lbuf_1_355_fu_3588">8, 0, 8, 0</column>
<column name="lbuf_1_356_fu_3592">8, 0, 8, 0</column>
<column name="lbuf_1_357_fu_3596">8, 0, 8, 0</column>
<column name="lbuf_1_358_fu_3600">8, 0, 8, 0</column>
<column name="lbuf_1_359_fu_3604">8, 0, 8, 0</column>
<column name="lbuf_1_35_fu_2308">8, 0, 8, 0</column>
<column name="lbuf_1_360_fu_3608">8, 0, 8, 0</column>
<column name="lbuf_1_361_fu_3612">8, 0, 8, 0</column>
<column name="lbuf_1_362_fu_3616">8, 0, 8, 0</column>
<column name="lbuf_1_363_fu_3620">8, 0, 8, 0</column>
<column name="lbuf_1_364_fu_3624">8, 0, 8, 0</column>
<column name="lbuf_1_365_fu_3628">8, 0, 8, 0</column>
<column name="lbuf_1_366_fu_3632">8, 0, 8, 0</column>
<column name="lbuf_1_367_fu_3636">8, 0, 8, 0</column>
<column name="lbuf_1_368_fu_3640">8, 0, 8, 0</column>
<column name="lbuf_1_369_fu_3644">8, 0, 8, 0</column>
<column name="lbuf_1_36_fu_2312">8, 0, 8, 0</column>
<column name="lbuf_1_370_fu_3648">8, 0, 8, 0</column>
<column name="lbuf_1_371_fu_3652">8, 0, 8, 0</column>
<column name="lbuf_1_372_fu_3656">8, 0, 8, 0</column>
<column name="lbuf_1_373_fu_3660">8, 0, 8, 0</column>
<column name="lbuf_1_374_fu_3664">8, 0, 8, 0</column>
<column name="lbuf_1_375_fu_3668">8, 0, 8, 0</column>
<column name="lbuf_1_376_fu_3672">8, 0, 8, 0</column>
<column name="lbuf_1_377_fu_3676">8, 0, 8, 0</column>
<column name="lbuf_1_378_fu_3680">8, 0, 8, 0</column>
<column name="lbuf_1_379_fu_3684">8, 0, 8, 0</column>
<column name="lbuf_1_37_fu_2316">8, 0, 8, 0</column>
<column name="lbuf_1_380_fu_3688">8, 0, 8, 0</column>
<column name="lbuf_1_381_fu_3692">8, 0, 8, 0</column>
<column name="lbuf_1_382_fu_3696">8, 0, 8, 0</column>
<column name="lbuf_1_383_fu_3700">8, 0, 8, 0</column>
<column name="lbuf_1_384_fu_3704">8, 0, 8, 0</column>
<column name="lbuf_1_385_fu_3708">8, 0, 8, 0</column>
<column name="lbuf_1_386_fu_3712">8, 0, 8, 0</column>
<column name="lbuf_1_387_fu_3716">8, 0, 8, 0</column>
<column name="lbuf_1_388_fu_3720">8, 0, 8, 0</column>
<column name="lbuf_1_389_fu_3724">8, 0, 8, 0</column>
<column name="lbuf_1_38_fu_2320">8, 0, 8, 0</column>
<column name="lbuf_1_390_fu_3728">8, 0, 8, 0</column>
<column name="lbuf_1_391_fu_3732">8, 0, 8, 0</column>
<column name="lbuf_1_392_fu_3736">8, 0, 8, 0</column>
<column name="lbuf_1_393_fu_3740">8, 0, 8, 0</column>
<column name="lbuf_1_394_fu_3744">8, 0, 8, 0</column>
<column name="lbuf_1_395_fu_3748">8, 0, 8, 0</column>
<column name="lbuf_1_396_fu_3752">8, 0, 8, 0</column>
<column name="lbuf_1_397_fu_3756">8, 0, 8, 0</column>
<column name="lbuf_1_398_fu_3760">8, 0, 8, 0</column>
<column name="lbuf_1_399_fu_3764">8, 0, 8, 0</column>
<column name="lbuf_1_39_fu_2324">8, 0, 8, 0</column>
<column name="lbuf_1_3_fu_2180">8, 0, 8, 0</column>
<column name="lbuf_1_400_fu_3768">8, 0, 8, 0</column>
<column name="lbuf_1_401_fu_3772">8, 0, 8, 0</column>
<column name="lbuf_1_402_fu_3776">8, 0, 8, 0</column>
<column name="lbuf_1_403_fu_3780">8, 0, 8, 0</column>
<column name="lbuf_1_404_fu_3784">8, 0, 8, 0</column>
<column name="lbuf_1_405_fu_3788">8, 0, 8, 0</column>
<column name="lbuf_1_406_fu_3792">8, 0, 8, 0</column>
<column name="lbuf_1_407_fu_3796">8, 0, 8, 0</column>
<column name="lbuf_1_408_fu_3800">8, 0, 8, 0</column>
<column name="lbuf_1_409_fu_3804">8, 0, 8, 0</column>
<column name="lbuf_1_40_fu_2328">8, 0, 8, 0</column>
<column name="lbuf_1_410_fu_3808">8, 0, 8, 0</column>
<column name="lbuf_1_411_fu_3812">8, 0, 8, 0</column>
<column name="lbuf_1_412_fu_3816">8, 0, 8, 0</column>
<column name="lbuf_1_413_fu_3820">8, 0, 8, 0</column>
<column name="lbuf_1_414_fu_3824">8, 0, 8, 0</column>
<column name="lbuf_1_415_fu_3828">8, 0, 8, 0</column>
<column name="lbuf_1_416_fu_3832">8, 0, 8, 0</column>
<column name="lbuf_1_417_fu_3836">8, 0, 8, 0</column>
<column name="lbuf_1_418_fu_3840">8, 0, 8, 0</column>
<column name="lbuf_1_419_fu_3844">8, 0, 8, 0</column>
<column name="lbuf_1_41_fu_2332">8, 0, 8, 0</column>
<column name="lbuf_1_420_fu_3848">8, 0, 8, 0</column>
<column name="lbuf_1_421_fu_3852">8, 0, 8, 0</column>
<column name="lbuf_1_422_fu_3856">8, 0, 8, 0</column>
<column name="lbuf_1_423_fu_3860">8, 0, 8, 0</column>
<column name="lbuf_1_424_fu_3864">8, 0, 8, 0</column>
<column name="lbuf_1_425_fu_3868">8, 0, 8, 0</column>
<column name="lbuf_1_426_fu_3872">8, 0, 8, 0</column>
<column name="lbuf_1_427_fu_3876">8, 0, 8, 0</column>
<column name="lbuf_1_428_fu_3880">8, 0, 8, 0</column>
<column name="lbuf_1_429_fu_3884">8, 0, 8, 0</column>
<column name="lbuf_1_42_fu_2336">8, 0, 8, 0</column>
<column name="lbuf_1_430_fu_3888">8, 0, 8, 0</column>
<column name="lbuf_1_431_fu_3892">8, 0, 8, 0</column>
<column name="lbuf_1_432_fu_3896">8, 0, 8, 0</column>
<column name="lbuf_1_433_fu_3900">8, 0, 8, 0</column>
<column name="lbuf_1_434_fu_3904">8, 0, 8, 0</column>
<column name="lbuf_1_435_fu_3908">8, 0, 8, 0</column>
<column name="lbuf_1_436_fu_3912">8, 0, 8, 0</column>
<column name="lbuf_1_437_fu_3916">8, 0, 8, 0</column>
<column name="lbuf_1_438_fu_3920">8, 0, 8, 0</column>
<column name="lbuf_1_439_fu_3924">8, 0, 8, 0</column>
<column name="lbuf_1_43_fu_2340">8, 0, 8, 0</column>
<column name="lbuf_1_440_fu_3928">8, 0, 8, 0</column>
<column name="lbuf_1_441_fu_3932">8, 0, 8, 0</column>
<column name="lbuf_1_442_fu_3936">8, 0, 8, 0</column>
<column name="lbuf_1_443_fu_3940">8, 0, 8, 0</column>
<column name="lbuf_1_444_fu_3944">8, 0, 8, 0</column>
<column name="lbuf_1_445_fu_3948">8, 0, 8, 0</column>
<column name="lbuf_1_446_fu_3952">8, 0, 8, 0</column>
<column name="lbuf_1_447_fu_3956">8, 0, 8, 0</column>
<column name="lbuf_1_448_fu_3960">8, 0, 8, 0</column>
<column name="lbuf_1_449_fu_3964">8, 0, 8, 0</column>
<column name="lbuf_1_44_fu_2344">8, 0, 8, 0</column>
<column name="lbuf_1_450_fu_3968">8, 0, 8, 0</column>
<column name="lbuf_1_451_fu_3972">8, 0, 8, 0</column>
<column name="lbuf_1_452_fu_3976">8, 0, 8, 0</column>
<column name="lbuf_1_453_fu_3980">8, 0, 8, 0</column>
<column name="lbuf_1_454_fu_3984">8, 0, 8, 0</column>
<column name="lbuf_1_455_fu_3988">8, 0, 8, 0</column>
<column name="lbuf_1_456_fu_3992">8, 0, 8, 0</column>
<column name="lbuf_1_457_fu_3996">8, 0, 8, 0</column>
<column name="lbuf_1_458_fu_4000">8, 0, 8, 0</column>
<column name="lbuf_1_459_fu_4004">8, 0, 8, 0</column>
<column name="lbuf_1_45_fu_2348">8, 0, 8, 0</column>
<column name="lbuf_1_460_fu_4008">8, 0, 8, 0</column>
<column name="lbuf_1_461_fu_4012">8, 0, 8, 0</column>
<column name="lbuf_1_462_fu_4016">8, 0, 8, 0</column>
<column name="lbuf_1_463_fu_4020">8, 0, 8, 0</column>
<column name="lbuf_1_464_fu_4024">8, 0, 8, 0</column>
<column name="lbuf_1_465_fu_4028">8, 0, 8, 0</column>
<column name="lbuf_1_466_fu_4032">8, 0, 8, 0</column>
<column name="lbuf_1_467_fu_4036">8, 0, 8, 0</column>
<column name="lbuf_1_468_fu_4040">8, 0, 8, 0</column>
<column name="lbuf_1_469_fu_4044">8, 0, 8, 0</column>
<column name="lbuf_1_46_fu_2352">8, 0, 8, 0</column>
<column name="lbuf_1_470_fu_4048">8, 0, 8, 0</column>
<column name="lbuf_1_471_fu_4052">8, 0, 8, 0</column>
<column name="lbuf_1_472_fu_4056">8, 0, 8, 0</column>
<column name="lbuf_1_473_fu_4060">8, 0, 8, 0</column>
<column name="lbuf_1_474_fu_4064">8, 0, 8, 0</column>
<column name="lbuf_1_475_fu_4068">8, 0, 8, 0</column>
<column name="lbuf_1_476_fu_4072">8, 0, 8, 0</column>
<column name="lbuf_1_477_fu_4076">8, 0, 8, 0</column>
<column name="lbuf_1_478_fu_4080">8, 0, 8, 0</column>
<column name="lbuf_1_479_fu_4084">8, 0, 8, 0</column>
<column name="lbuf_1_47_fu_2356">8, 0, 8, 0</column>
<column name="lbuf_1_480_fu_4088">8, 0, 8, 0</column>
<column name="lbuf_1_481_fu_4092">8, 0, 8, 0</column>
<column name="lbuf_1_482_fu_4096">8, 0, 8, 0</column>
<column name="lbuf_1_483_fu_4100">8, 0, 8, 0</column>
<column name="lbuf_1_484_fu_4104">8, 0, 8, 0</column>
<column name="lbuf_1_485_fu_4108">8, 0, 8, 0</column>
<column name="lbuf_1_486_fu_4112">8, 0, 8, 0</column>
<column name="lbuf_1_487_fu_4116">8, 0, 8, 0</column>
<column name="lbuf_1_488_fu_4120">8, 0, 8, 0</column>
<column name="lbuf_1_489_fu_4124">8, 0, 8, 0</column>
<column name="lbuf_1_48_fu_2360">8, 0, 8, 0</column>
<column name="lbuf_1_490_fu_4128">8, 0, 8, 0</column>
<column name="lbuf_1_491_fu_4132">8, 0, 8, 0</column>
<column name="lbuf_1_492_fu_4136">8, 0, 8, 0</column>
<column name="lbuf_1_493_fu_4140">8, 0, 8, 0</column>
<column name="lbuf_1_494_fu_4144">8, 0, 8, 0</column>
<column name="lbuf_1_495_fu_4148">8, 0, 8, 0</column>
<column name="lbuf_1_496_fu_4152">8, 0, 8, 0</column>
<column name="lbuf_1_497_fu_4156">8, 0, 8, 0</column>
<column name="lbuf_1_498_fu_4160">8, 0, 8, 0</column>
<column name="lbuf_1_499_fu_4164">8, 0, 8, 0</column>
<column name="lbuf_1_49_fu_2364">8, 0, 8, 0</column>
<column name="lbuf_1_4_fu_2184">8, 0, 8, 0</column>
<column name="lbuf_1_500_fu_4168">8, 0, 8, 0</column>
<column name="lbuf_1_501_fu_4172">8, 0, 8, 0</column>
<column name="lbuf_1_502_fu_4176">8, 0, 8, 0</column>
<column name="lbuf_1_503_fu_4180">8, 0, 8, 0</column>
<column name="lbuf_1_504_fu_4184">8, 0, 8, 0</column>
<column name="lbuf_1_505_fu_4188">8, 0, 8, 0</column>
<column name="lbuf_1_506_fu_4192">8, 0, 8, 0</column>
<column name="lbuf_1_507_fu_4196">8, 0, 8, 0</column>
<column name="lbuf_1_508_fu_124">8, 0, 8, 0</column>
<column name="lbuf_1_50_fu_2368">8, 0, 8, 0</column>
<column name="lbuf_1_51_fu_2372">8, 0, 8, 0</column>
<column name="lbuf_1_52_fu_2376">8, 0, 8, 0</column>
<column name="lbuf_1_53_fu_2380">8, 0, 8, 0</column>
<column name="lbuf_1_54_fu_2384">8, 0, 8, 0</column>
<column name="lbuf_1_55_fu_2388">8, 0, 8, 0</column>
<column name="lbuf_1_56_fu_2392">8, 0, 8, 0</column>
<column name="lbuf_1_57_fu_2396">8, 0, 8, 0</column>
<column name="lbuf_1_58_fu_2400">8, 0, 8, 0</column>
<column name="lbuf_1_59_fu_2404">8, 0, 8, 0</column>
<column name="lbuf_1_5_fu_2188">8, 0, 8, 0</column>
<column name="lbuf_1_60_fu_2408">8, 0, 8, 0</column>
<column name="lbuf_1_61_fu_2412">8, 0, 8, 0</column>
<column name="lbuf_1_62_fu_2416">8, 0, 8, 0</column>
<column name="lbuf_1_63_fu_2420">8, 0, 8, 0</column>
<column name="lbuf_1_64_fu_2424">8, 0, 8, 0</column>
<column name="lbuf_1_65_fu_2428">8, 0, 8, 0</column>
<column name="lbuf_1_66_fu_2432">8, 0, 8, 0</column>
<column name="lbuf_1_67_fu_2436">8, 0, 8, 0</column>
<column name="lbuf_1_68_fu_2440">8, 0, 8, 0</column>
<column name="lbuf_1_69_fu_2444">8, 0, 8, 0</column>
<column name="lbuf_1_6_fu_2192">8, 0, 8, 0</column>
<column name="lbuf_1_70_fu_2448">8, 0, 8, 0</column>
<column name="lbuf_1_71_fu_2452">8, 0, 8, 0</column>
<column name="lbuf_1_72_fu_2456">8, 0, 8, 0</column>
<column name="lbuf_1_73_fu_2460">8, 0, 8, 0</column>
<column name="lbuf_1_74_fu_2464">8, 0, 8, 0</column>
<column name="lbuf_1_75_fu_2468">8, 0, 8, 0</column>
<column name="lbuf_1_76_fu_2472">8, 0, 8, 0</column>
<column name="lbuf_1_77_fu_2476">8, 0, 8, 0</column>
<column name="lbuf_1_78_fu_2480">8, 0, 8, 0</column>
<column name="lbuf_1_79_fu_2484">8, 0, 8, 0</column>
<column name="lbuf_1_7_fu_2196">8, 0, 8, 0</column>
<column name="lbuf_1_80_fu_2488">8, 0, 8, 0</column>
<column name="lbuf_1_81_fu_2492">8, 0, 8, 0</column>
<column name="lbuf_1_82_fu_2496">8, 0, 8, 0</column>
<column name="lbuf_1_83_fu_2500">8, 0, 8, 0</column>
<column name="lbuf_1_84_fu_2504">8, 0, 8, 0</column>
<column name="lbuf_1_85_fu_2508">8, 0, 8, 0</column>
<column name="lbuf_1_86_fu_2512">8, 0, 8, 0</column>
<column name="lbuf_1_87_fu_2516">8, 0, 8, 0</column>
<column name="lbuf_1_88_fu_2520">8, 0, 8, 0</column>
<column name="lbuf_1_89_fu_2524">8, 0, 8, 0</column>
<column name="lbuf_1_8_fu_2200">8, 0, 8, 0</column>
<column name="lbuf_1_90_fu_2528">8, 0, 8, 0</column>
<column name="lbuf_1_91_fu_2532">8, 0, 8, 0</column>
<column name="lbuf_1_92_fu_2536">8, 0, 8, 0</column>
<column name="lbuf_1_93_fu_2540">8, 0, 8, 0</column>
<column name="lbuf_1_94_fu_2544">8, 0, 8, 0</column>
<column name="lbuf_1_95_fu_2548">8, 0, 8, 0</column>
<column name="lbuf_1_96_fu_2552">8, 0, 8, 0</column>
<column name="lbuf_1_97_fu_2556">8, 0, 8, 0</column>
<column name="lbuf_1_98_fu_2560">8, 0, 8, 0</column>
<column name="lbuf_1_99_fu_2564">8, 0, 8, 0</column>
<column name="lbuf_1_9_fu_2204">8, 0, 8, 0</column>
<column name="result_3_1_reg_18883">10, 0, 10, 0</column>
<column name="sin_V_data_V_0_payload_A">8, 0, 8, 0</column>
<column name="sin_V_data_V_0_payload_B">8, 0, 8, 0</column>
<column name="sin_V_data_V_0_sel_rd">1, 0, 1, 0</column>
<column name="sin_V_data_V_0_sel_wr">1, 0, 1, 0</column>
<column name="sin_V_data_V_0_state">2, 0, 2, 0</column>
<column name="sin_V_dest_V_0_state">2, 0, 2, 0</column>
<column name="sout_V_data_V_1_payload_A">8, 0, 8, 0</column>
<column name="sout_V_data_V_1_payload_B">8, 0, 8, 0</column>
<column name="sout_V_data_V_1_sel_rd">1, 0, 1, 0</column>
<column name="sout_V_data_V_1_sel_wr">1, 0, 1, 0</column>
<column name="sout_V_data_V_1_state">2, 0, 2, 0</column>
<column name="sout_V_dest_V_1_sel_rd">1, 0, 1, 0</column>
<column name="sout_V_dest_V_1_state">2, 0, 2, 0</column>
<column name="sout_V_id_V_1_sel_rd">1, 0, 1, 0</column>
<column name="sout_V_id_V_1_state">2, 0, 2, 0</column>
<column name="sout_V_keep_V_1_sel_rd">1, 0, 1, 0</column>
<column name="sout_V_keep_V_1_state">2, 0, 2, 0</column>
<column name="sout_V_last_V_1_payload_A">1, 0, 1, 0</column>
<column name="sout_V_last_V_1_payload_B">1, 0, 1, 0</column>
<column name="sout_V_last_V_1_sel_rd">1, 0, 1, 0</column>
<column name="sout_V_last_V_1_sel_wr">1, 0, 1, 0</column>
<column name="sout_V_last_V_1_state">2, 0, 2, 0</column>
<column name="sout_V_strb_V_1_sel_rd">1, 0, 1, 0</column>
<column name="sout_V_strb_V_1_state">2, 0, 2, 0</column>
<column name="sout_V_user_V_1_sel_rd">1, 0, 1, 0</column>
<column name="sout_V_user_V_1_state">2, 0, 2, 0</column>
<column name="tmp_3_reg_18897">1, 0, 1, 0</column>
<column name="tmp_4_reg_18903">4, 0, 4, 0</column>
<column name="tmp_8_reg_18908">8, 0, 8, 0</column>
<column name="tmp_last_V_reg_18892">1, 0, 1, 0</column>
<column name="tmp_s_reg_18888">1, 0, 1, 0</column>
<column name="tmp_last_V_reg_18892">64, 32, 1, 0</column>
<column name="tmp_s_reg_18888">64, 32, 1, 0</column>
</table>
</item>
</section>
</item>
</section>

<section name = "Interface" level="0">
<item name = "Summary"><table name="" hasTotal="0">
<keys size="6">RTL Ports, Dir, Bits, Protocol, Source Object, C Type</keys>
<column name="ap_clk">in, 1, ap_ctrl_none, hw_conv, return value</column>
<column name="ap_rst_n">in, 1, ap_ctrl_none, hw_conv, return value</column>
<column name="sin_TDATA">in, 8, axis, sin_V_data_V, pointer</column>
<column name="sin_TVALID">in, 1, axis, sin_V_dest_V, pointer</column>
<column name="sin_TREADY">out, 1, axis, sin_V_dest_V, pointer</column>
<column name="sin_TDEST">in, 1, axis, sin_V_dest_V, pointer</column>
<column name="sin_TKEEP">in, 1, axis, sin_V_keep_V, pointer</column>
<column name="sin_TSTRB">in, 1, axis, sin_V_strb_V, pointer</column>
<column name="sin_TUSER">in, 1, axis, sin_V_user_V, pointer</column>
<column name="sin_TLAST">in, 1, axis, sin_V_last_V, pointer</column>
<column name="sin_TID">in, 1, axis, sin_V_id_V, pointer</column>
<column name="sout_TDATA">out, 8, axis, sout_V_data_V, pointer</column>
<column name="sout_TREADY">in, 1, axis, sout_V_data_V, pointer</column>
<column name="sout_TVALID">out, 1, axis, sout_V_dest_V, pointer</column>
<column name="sout_TDEST">out, 1, axis, sout_V_dest_V, pointer</column>
<column name="sout_TKEEP">out, 1, axis, sout_V_keep_V, pointer</column>
<column name="sout_TSTRB">out, 1, axis, sout_V_strb_V, pointer</column>
<column name="sout_TUSER">out, 1, axis, sout_V_user_V, pointer</column>
<column name="sout_TLAST">out, 1, axis, sout_V_last_V, pointer</column>
<column name="sout_TID">out, 1, axis, sout_V_id_V, pointer</column>
</table>
</item>
</section>

<section name = "Critical Path" level="0">
<item name = "Max Delay">7.52</item>
<item name = "Critical Path Table"><table name="Critical Path Table" hasTotal="0">
<keys size="15">Name, Operator, Delay, Accumulated Delay, Store Source, Resource, Core, Interface, Type, Port, Array, Scope, Pointer, Callee, Phi Node</keys>
<column name="'kbuf_2_1_load'">load, 0.00, 0.00, -, -, -, -, -, -, -, -, &apos;kbuf[2][1]&apos;, -, -</column>
<column name="'tmp_12_2_2_cast', lab6/vhls/convolution.cpp:186">zext, 0.00, 0.00, -, -, -, -, -, -, -, -, -, -, -</column>
<column name="'tmp7', lab6/vhls/convolution.cpp:186">add, 1.92, 1.92, -, -, -, -, -, -, -, -, -, -, -</column>
<column name="'tmp7_cast', lab6/vhls/convolution.cpp:186">zext, 0.00, 1.92, -, -, -, -, -, -, -, -, -, -, -</column>
<column name="'tmp6', lab6/vhls/convolution.cpp:186">add, 1.82, 3.74, -, -, -, -, -, -, -, -, -, -, -</column>
<column name="'tmp6_cast', lab6/vhls/convolution.cpp:186">zext, 0.00, 3.74, -, -, -, -, -, -, -, -, -, -, -</column>
<column name="'result', lab6/vhls/convolution.cpp:186">add, 3.79, 7.52, -, -, -, -, -, -, -, -, -, -, -</column>
</table>
</item>
</section>
</profile>
