<?xml version="1.0" encoding="UTF-8"?>
<GenRun Id="impl_1" LaunchPart="xc7z020clg400-1" LaunchTime="1706846262">
  <File Type="BITSTR-BMM" Name="lab_2_wrapper_bd.bmm"/>
  <File Type="ROUTE-PWR" Name="lab_2_wrapper_power_routed.rpt"/>
  <File Type="PA-TCL" Name="lab_2_wrapper.tcl"/>
  <File Type="OPT-DCP" Name="lab_2_wrapper_opt.dcp"/>
  <File Type="ROUTE-PWR-SUM" Name="lab_2_wrapper_power_summary_routed.pb"/>
  <File Type="REPORTS-TCL" Name="lab_2_wrapper_reports.tcl"/>
  <File Type="OPT-DRC" Name="lab_2_wrapper_drc_opted.rpt"/>
  <File Type="OPT-HWDEF" Name="lab_2_wrapper.hwdef"/>
  <File Type="PWROPT-DCP" Name="lab_2_wrapper_pwropt.dcp"/>
  <File Type="PLACE-DCP" Name="lab_2_wrapper_placed.dcp"/>
  <File Type="PLACE-IO" Name="lab_2_wrapper_io_placed.rpt"/>
  <File Type="PLACE-UTIL" Name="lab_2_wrapper_utilization_placed.rpt"/>
  <File Type="PLACE-UTIL-PB" Name="lab_2_wrapper_utilization_placed.pb"/>
  <File Type="PLACE-CTRL" Name="lab_2_wrapper_control_sets_placed.rpt"/>
  <File Type="PLACE-PRE-SIMILARITY" Name="lab_2_wrapper_incremental_reuse_pre_placed.rpt"/>
  <File Type="BG-BGN" Name="lab_2_wrapper.bgn"/>
  <File Type="POSTPLACE-PWROPT-DCP" Name="lab_2_wrapper_postplace_pwropt.dcp"/>
  <File Type="BG-BIN" Name="lab_2_wrapper.bin"/>
  <File Type="PHYSOPT-DCP" Name="lab_2_wrapper_physopt.dcp"/>
  <File Type="BITSTR-MSK" Name="lab_2_wrapper.msk"/>
  <File Type="ROUTE-ERROR-DCP" Name="lab_2_wrapper_routed_error.dcp"/>
  <File Type="ROUTE-DCP" Name="lab_2_wrapper_routed.dcp"/>
  <File Type="ROUTE-BLACKBOX-DCP" Name="lab_2_wrapper_routed_bb.dcp"/>
  <File Type="ROUTE-DRC" Name="lab_2_wrapper_drc_routed.rpt"/>
  <File Type="ROUTE-DRC-PB" Name="lab_2_wrapper_drc_routed.pb"/>
  <File Type="BITSTR-LTX" Name="lab_2_wrapper.ltx"/>
  <File Type="ROUTE-DRC-RPX" Name="lab_2_wrapper_drc_routed.rpx"/>
  <File Type="BITSTR-MMI" Name="lab_2_wrapper.mmi"/>
  <File Type="ROUTE-METHODOLOGY-DRC" Name="lab_2_wrapper_methodology_drc_routed.rpt"/>
  <File Type="ROUTE-METHODOLOGY-DRC-RPX" Name="lab_2_wrapper_methodology_drc_routed.rpx"/>
  <File Type="BITSTR-SYSDEF" Name="lab_2_wrapper.sysdef"/>
  <File Type="ROUTE-METHODOLOGY-DRC-PB" Name="lab_2_wrapper_methodology_drc_routed.pb"/>
  <File Type="ROUTE-PWR-RPX" Name="lab_2_wrapper_power_routed.rpx"/>
  <File Type="ROUTE-STATUS" Name="lab_2_wrapper_route_status.rpt"/>
  <File Type="ROUTE-STATUS-PB" Name="lab_2_wrapper_route_status.pb"/>
  <File Type="ROUTE-TIMINGSUMMARY" Name="lab_2_wrapper_timing_summary_routed.rpt"/>
  <File Type="ROUTE-TIMING-PB" Name="lab_2_wrapper_timing_summary_routed.pb"/>
  <File Type="ROUTE-TIMING-RPX" Name="lab_2_wrapper_timing_summary_routed.rpx"/>
  <File Type="RDI-RDI" Name="lab_2_wrapper.vdi"/>
  <File Type="ROUTE-CLK" Name="lab_2_wrapper_clock_utilization_routed.rpt"/>
  <File Type="ROUTE-BUS-SKEW" Name="lab_2_wrapper_bus_skew_routed.rpt"/>
  <File Type="ROUTE-BUS-SKEW-PB" Name="lab_2_wrapper_bus_skew_routed.pb"/>
  <File Type="ROUTE-BUS-SKEW-RPX" Name="lab_2_wrapper_bus_skew_routed.rpx"/>
  <File Type="POSTROUTE-PHYSOPT-DCP" Name="lab_2_wrapper_postroute_physopt.dcp"/>
  <File Type="POSTROUTE-PHYSOPT-BLACKBOX-DCP" Name="lab_2_wrapper_postroute_physopt_bb.dcp"/>
  <File Type="BG-BIT" Name="lab_2_wrapper.bit"/>
  <File Type="BITSTR-RBT" Name="lab_2_wrapper.rbt"/>
  <File Type="BITSTR-NKY" Name="lab_2_wrapper.nky"/>
  <File Type="BG-DRC" Name="lab_2_wrapper.drc"/>
  <File Type="WBT-USG" Name="usage_statistics_webtalk.html"/>
  <FileSet Name="sources" Type="DesignSrcs" RelSrcDir="$PSRCDIR/sources_1">
    <Filter Type="Srcs"/>
    <File Path="$PSRCDIR/sources_1/new/ALU_Comp.vhd">
      <FileInfo>
        <Attr Name="Library" Val="xil_defaultlib"/>
        <Attr Name="UsedIn" Val="synthesis"/>
        <Attr Name="UsedIn" Val="simulation"/>
      </FileInfo>
    </File>
    <File Path="$PSRCDIR/sources_1/new/ALU_Logical.vhd">
      <FileInfo>
        <Attr Name="Library" Val="xil_defaultlib"/>
        <Attr Name="UsedIn" Val="synthesis"/>
        <Attr Name="UsedIn" Val="simulation"/>
      </FileInfo>
    </File>
    <File Path="$PSRCDIR/sources_1/new/ALU_Mux.vhd">
      <FileInfo>
        <Attr Name="Library" Val="xil_defaultlib"/>
        <Attr Name="UsedIn" Val="synthesis"/>
        <Attr Name="UsedIn" Val="simulation"/>
      </FileInfo>
    </File>
    <File Path="$PSRCDIR/sources_1/new/ALU_Shift.vhd">
      <FileInfo>
        <Attr Name="Library" Val="xil_defaultlib"/>
        <Attr Name="UsedIn" Val="synthesis"/>
        <Attr Name="UsedIn" Val="simulation"/>
      </FileInfo>
    </File>
    <File Path="$PSRCDIR/sources_1/imports/src/Arith_Unit.vhd">
      <FileInfo>
        <Attr Name="Library" Val="xil_defaultlib"/>
        <Attr Name="ImportPath" Val="//Mac/Home/Downloads/ECE1195_repo/Arith_Unit/src/Arith_Unit.vhd"/>
        <Attr Name="ImportTime" Val="1599082552"/>
        <Attr Name="UsedIn" Val="synthesis"/>
        <Attr Name="UsedIn" Val="simulation"/>
      </FileInfo>
    </File>
    <File Path="$PSRCDIR/sources_1/new/alu.vhd">
      <FileInfo>
        <Attr Name="Library" Val="xil_defaultlib"/>
        <Attr Name="UsedIn" Val="synthesis"/>
        <Attr Name="UsedIn" Val="simulation"/>
      </FileInfo>
    </File>
    <File Path="$PSRCDIR/sources_1/bd/lab_2/lab_2.bd">
      <FileInfo>
        <Attr Name="UsedIn" Val="synthesis"/>
        <Attr Name="UsedIn" Val="implementation"/>
        <Attr Name="UsedIn" Val="simulation"/>
      </FileInfo>
    </File>
    <File Path="$PSRCDIR/sources_1/bd/lab_2/hdl/lab_2_wrapper.vhd">
      <FileInfo>
        <Attr Name="Library" Val="xil_defaultlib"/>
        <Attr Name="UsedIn" Val="synthesis"/>
        <Attr Name="UsedIn" Val="simulation"/>
      </FileInfo>
    </File>
    <Config>
      <Option Name="DesignMode" Val="RTL"/>
      <Option Name="TopModule" Val="lab_2_wrapper"/>
    </Config>
  </FileSet>
  <FileSet Name="constrs_in" Type="Constrs" RelSrcDir="$PSRCDIR/constrs_1">
    <Filter Type="Constrs"/>
    <File Path="$PSRCDIR/constrs_1/imports/Downloads/PYNQ-Z1_C.xdc">
      <FileInfo>
        <Attr Name="ImportPath" Val="//Mac/Home/Downloads/PYNQ-Z1_C.xdc"/>
        <Attr Name="ImportTime" Val="1704746085"/>
        <Attr Name="UsedIn" Val="synthesis"/>
        <Attr Name="UsedIn" Val="implementation"/>
      </FileInfo>
    </File>
    <Config>
      <Option Name="ConstrsType" Val="XDC"/>
    </Config>
  </FileSet>
  <FileSet Name="utils" Type="Utils" RelSrcDir="$PSRCDIR/utils_1">
    <Filter Type="Utils"/>
    <Config>
      <Option Name="TopAutoSet" Val="TRUE"/>
    </Config>
  </FileSet>
  <Strategy Version="1" Minor="2">
    <StratHandle Name="Vivado Implementation Defaults" Flow="Vivado Implementation 2018"/>
    <Step Id="init_design"/>
    <Step Id="opt_design"/>
    <Step Id="power_opt_design"/>
    <Step Id="place_design"/>
    <Step Id="post_place_power_opt_design"/>
    <Step Id="phys_opt_design"/>
    <Step Id="route_design"/>
    <Step Id="post_route_phys_opt_design"/>
    <Step Id="write_bitstream"/>
  </Strategy>
  <BlockFileSet Type="BlockSrcs" Name="lab_2_auto_pc_0"/>
  <BlockFileSet Type="BlockSrcs" Name="lab_2_alu_0_0"/>
  <BlockFileSet Type="BlockSrcs" Name="lab_2_processing_system7_0_0"/>
  <BlockFileSet Type="BlockSrcs" Name="lab_2_axi_regmap_0_0"/>
  <BlockFileSet Type="BlockSrcs" Name="lab_2_rst_ps7_0_100M_0"/>
</GenRun>
