<?xml version="1.0" encoding="UTF-8"?>
<GenRun Id="impl_1" LaunchPart="xc7z020clg400-1" LaunchTime="1710944955">
  <File Type="BITSTR-BMM" Name="design_1_wrapper_bd.bmm"/>
  <File Type="OPT-METHODOLOGY-DRC" Name="design_1_wrapper_methodology_drc_opted.rpt"/>
  <File Type="INIT-TIMING" Name="design_1_wrapper_timing_summary_init.rpt"/>
  <File Type="ROUTE-PWR" Name="design_1_wrapper_power_routed.rpt"/>
  <File Type="PA-TCL" Name="design_1_wrapper.tcl"/>
  <File Type="OPT-TIMING" Name="design_1_wrapper_timing_summary_opted.rpt"/>
  <File Type="OPT-DCP" Name="design_1_wrapper_opt.dcp"/>
  <File Type="ROUTE-PWR-SUM" Name="design_1_wrapper_power_summary_routed.pb"/>
  <File Type="REPORTS-TCL" Name="design_1_wrapper_reports.tcl"/>
  <File Type="OPT-DRC" Name="design_1_wrapper_drc_opted.rpt"/>
  <File Type="OPT-HWDEF" Name="design_1_wrapper.hwdef"/>
  <File Type="PWROPT-DCP" Name="design_1_wrapper_pwropt.dcp"/>
  <File Type="PWROPT-DRC" Name="design_1_wrapper_drc_pwropted.rpt"/>
  <File Type="PWROPT-TIMING" Name="design_1_wrapper_timing_summary_pwropted.rpt"/>
  <File Type="PLACE-DCP" Name="design_1_wrapper_placed.dcp"/>
  <File Type="PLACE-IO" Name="design_1_wrapper_io_placed.rpt"/>
  <File Type="PLACE-CLK" Name="design_1_wrapper_clock_utilization_placed.rpt"/>
  <File Type="PLACE-UTIL" Name="design_1_wrapper_utilization_placed.rpt"/>
  <File Type="PLACE-UTIL-PB" Name="design_1_wrapper_utilization_placed.pb"/>
  <File Type="PLACE-CTRL" Name="design_1_wrapper_control_sets_placed.rpt"/>
  <File Type="PLACE-SIMILARITY" Name="design_1_wrapper_incremental_reuse_placed.rpt"/>
  <File Type="PLACE-PRE-SIMILARITY" Name="design_1_wrapper_incremental_reuse_pre_placed.rpt"/>
  <File Type="BG-BGN" Name="design_1_wrapper.bgn"/>
  <File Type="PLACE-TIMING" Name="design_1_wrapper_timing_summary_placed.rpt"/>
  <File Type="POSTPLACE-PWROPT-DCP" Name="design_1_wrapper_postplace_pwropt.dcp"/>
  <File Type="BG-BIN" Name="design_1_wrapper.bin"/>
  <File Type="POSTPLACE-PWROPT-TIMING" Name="design_1_wrapper_timing_summary_postplace_pwropted.rpt"/>
  <File Type="PHYSOPT-DCP" Name="design_1_wrapper_physopt.dcp"/>
  <File Type="PHYSOPT-DRC" Name="design_1_wrapper_drc_physopted.rpt"/>
  <File Type="BITSTR-MSK" Name="design_1_wrapper.msk"/>
  <File Type="PHYSOPT-TIMING" Name="design_1_wrapper_timing_summary_physopted.rpt"/>
  <File Type="ROUTE-ERROR-DCP" Name="design_1_wrapper_routed_error.dcp"/>
  <File Type="ROUTE-DCP" Name="design_1_wrapper_routed.dcp"/>
  <File Type="ROUTE-BLACKBOX-DCP" Name="design_1_wrapper_routed_bb.dcp"/>
  <File Type="ROUTE-DRC" Name="design_1_wrapper_drc_routed.rpt"/>
  <File Type="ROUTE-DRC-PB" Name="design_1_wrapper_drc_routed.pb"/>
  <File Type="BITSTR-LTX" Name="debug_nets.ltx"/>
  <File Type="BITSTR-LTX" Name="design_1_wrapper.ltx"/>
  <File Type="ROUTE-DRC-RPX" Name="design_1_wrapper_drc_routed.rpx"/>
  <File Type="BITSTR-MMI" Name="design_1_wrapper.mmi"/>
  <File Type="ROUTE-METHODOLOGY-DRC" Name="design_1_wrapper_methodology_drc_routed.rpt"/>
  <File Type="ROUTE-METHODOLOGY-DRC-RPX" Name="design_1_wrapper_methodology_drc_routed.rpx"/>
  <File Type="BITSTR-SYSDEF" Name="design_1_wrapper.sysdef"/>
  <File Type="ROUTE-METHODOLOGY-DRC-PB" Name="design_1_wrapper_methodology_drc_routed.pb"/>
  <File Type="ROUTE-PWR-RPX" Name="design_1_wrapper_power_routed.rpx"/>
  <File Type="ROUTE-STATUS" Name="design_1_wrapper_route_status.rpt"/>
  <File Type="ROUTE-STATUS-PB" Name="design_1_wrapper_route_status.pb"/>
  <File Type="ROUTE-TIMINGSUMMARY" Name="design_1_wrapper_timing_summary_routed.rpt"/>
  <File Type="ROUTE-TIMING-PB" Name="design_1_wrapper_timing_summary_routed.pb"/>
  <File Type="ROUTE-TIMING-RPX" Name="design_1_wrapper_timing_summary_routed.rpx"/>
  <File Type="ROUTE-SIMILARITY" Name="design_1_wrapper_incremental_reuse_routed.rpt"/>
  <File Type="ROUTE-CLK" Name="design_1_wrapper_clock_utilization_routed.rpt"/>
  <File Type="ROUTE-BUS-SKEW" Name="design_1_wrapper_bus_skew_routed.rpt"/>
  <File Type="ROUTE-BUS-SKEW-PB" Name="design_1_wrapper_bus_skew_routed.pb"/>
  <File Type="ROUTE-BUS-SKEW-RPX" Name="design_1_wrapper_bus_skew_routed.rpx"/>
  <File Type="POSTROUTE-PHYSOPT-DCP" Name="design_1_wrapper_postroute_physopt.dcp"/>
  <File Type="POSTROUTE-PHYSOPT-BLACKBOX-DCP" Name="design_1_wrapper_postroute_physopt_bb.dcp"/>
  <File Type="POSTROUTE-PHYSOPT-TIMING" Name="design_1_wrapper_timing_summary_postroute_physopted.rpt"/>
  <File Type="POSTROUTE-PHYSOPT-TIMING-PB" Name="design_1_wrapper_timing_summary_postroute_physopted.pb"/>
  <File Type="POSTROUTE-PHYSOPT-TIMING-RPX" Name="design_1_wrapper_timing_summary_postroute_physopted.rpx"/>
  <File Type="POSTROUTE-PHYSOPT-BUS-SKEW" Name="design_1_wrapper_bus_skew_postroute_physopted.rpt"/>
  <File Type="POSTROUTE-PHYSOPT-BUS-SKEW-PB" Name="design_1_wrapper_bus_skew_postroute_physopted.pb"/>
  <File Type="BG-BIT" Name="design_1_wrapper.bit"/>
  <File Type="POSTROUTE-PHYSOPT-BUS-SKEW-RPX" Name="design_1_wrapper_bus_skew_postroute_physopted.rpx"/>
  <File Type="BITSTR-RBT" Name="design_1_wrapper.rbt"/>
  <File Type="BITSTR-NKY" Name="design_1_wrapper.nky"/>
  <File Type="BG-DRC" Name="design_1_wrapper.drc"/>
  <File Type="RDI-RDI" Name="design_1_wrapper.vdi"/>
  <File Type="WBT-USG" Name="usage_statistics_webtalk.html"/>
  <FileSet Name="sources" Type="DesignSrcs" RelSrcDir="$PSRCDIR/sources_1">
    <Filter Type="Srcs"/>
    <File Path="$PSRCDIR/sources_1/imports/new/ALU_Comp.vhd">
      <FileInfo>
        <Attr Name="ImportPath" Val="$PPRDIR/../Lab-2/lab_2/lab_2.srcs/sources_1/new/ALU_Comp.vhd"/>
        <Attr Name="ImportTime" Val="1706718112"/>
        <Attr Name="UsedIn" Val="synthesis"/>
        <Attr Name="UsedIn" Val="simulation"/>
      </FileInfo>
    </File>
    <File Path="$PSRCDIR/sources_1/imports/new/ALU_Logical.vhd">
      <FileInfo>
        <Attr Name="ImportPath" Val="$PPRDIR/../Lab-2/lab_2/lab_2.srcs/sources_1/new/ALU_Logical.vhd"/>
        <Attr Name="ImportTime" Val="1706645664"/>
        <Attr Name="UsedIn" Val="synthesis"/>
        <Attr Name="UsedIn" Val="simulation"/>
      </FileInfo>
    </File>
    <File Path="$PSRCDIR/sources_1/imports/new/ALU_Mux.vhd">
      <FileInfo>
        <Attr Name="ImportPath" Val="$PPRDIR/../Lab-2/lab_2/lab_2.srcs/sources_1/new/ALU_Mux.vhd"/>
        <Attr Name="ImportTime" Val="1706719004"/>
        <Attr Name="UsedIn" Val="synthesis"/>
        <Attr Name="UsedIn" Val="simulation"/>
      </FileInfo>
    </File>
    <File Path="$PSRCDIR/sources_1/imports/new/ALU_Shift.vhd">
      <FileInfo>
        <Attr Name="ImportPath" Val="$PPRDIR/../Lab-2/lab_2/lab_2.srcs/sources_1/new/ALU_Shift.vhd"/>
        <Attr Name="ImportTime" Val="1706719191"/>
        <Attr Name="UsedIn" Val="synthesis"/>
        <Attr Name="UsedIn" Val="simulation"/>
      </FileInfo>
    </File>
    <File Path="$PSRCDIR/sources_1/imports/src/Arith_Unit.vhd">
      <FileInfo>
        <Attr Name="ImportPath" Val="$PPRDIR/../Lab-2/lab_2/lab_2.srcs/sources_1/imports/src/Arith_Unit.vhd"/>
        <Attr Name="ImportTime" Val="1706633614"/>
        <Attr Name="UsedIn" Val="synthesis"/>
        <Attr Name="UsedIn" Val="simulation"/>
      </FileInfo>
    </File>
    <File Path="$PSRCDIR/sources_1/new/CLO.vhd">
      <FileInfo>
        <Attr Name="UsedIn" Val="synthesis"/>
        <Attr Name="UsedIn" Val="simulation"/>
      </FileInfo>
    </File>
    <File Path="$PSRCDIR/sources_1/new/InstructionRegister.vhd">
      <FileInfo>
        <Attr Name="UsedIn" Val="synthesis"/>
        <Attr Name="UsedIn" Val="simulation"/>
      </FileInfo>
    </File>
    <File Path="$PSRCDIR/sources_1/imports/new/adder_subtractor.vhd">
      <FileInfo>
        <Attr Name="ImportPath" Val="$PPRDIR/../lab_3/lab_3.srcs/sources_1/imports/new/adder_subtractor.vhd"/>
        <Attr Name="ImportTime" Val="1705948534"/>
        <Attr Name="UsedIn" Val="synthesis"/>
        <Attr Name="UsedIn" Val="simulation"/>
      </FileInfo>
    </File>
    <File Path="$PSRCDIR/sources_1/imports/new/alu.vhd">
      <FileInfo>
        <Attr Name="ImportPath" Val="$PPRDIR/../Lab-2/lab_2/lab_2.srcs/sources_1/new/alu.vhd"/>
        <Attr Name="ImportTime" Val="1706724324"/>
        <Attr Name="UsedIn" Val="synthesis"/>
        <Attr Name="UsedIn" Val="simulation"/>
      </FileInfo>
    </File>
    <File Path="$PSRCDIR/sources_1/imports/new/control.vhd">
      <FileInfo>
        <Attr Name="ImportPath" Val="$PPRDIR/../lab_3/lab_3.srcs/sources_1/new/control.vhd"/>
        <Attr Name="ImportTime" Val="1708103592"/>
        <Attr Name="UsedIn" Val="synthesis"/>
        <Attr Name="UsedIn" Val="simulation"/>
      </FileInfo>
    </File>
    <File Path="$PSRCDIR/sources_1/new/control_unit.vhd">
      <FileInfo>
        <Attr Name="UsedIn" Val="synthesis"/>
        <Attr Name="UsedIn" Val="simulation"/>
      </FileInfo>
    </File>
    <File Path="$PSRCDIR/sources_1/new/cpu_dataflow.vhd">
      <FileInfo>
        <Attr Name="UsedIn" Val="synthesis"/>
        <Attr Name="UsedIn" Val="simulation"/>
      </FileInfo>
    </File>
    <File Path="$PSRCDIR/sources_1/imports/new/fulladder.vhd">
      <FileInfo>
        <Attr Name="ImportPath" Val="$PPRDIR/../lab_3/lab_3.srcs/sources_1/imports/new/fulladder.vhd"/>
        <Attr Name="ImportTime" Val="1705514837"/>
        <Attr Name="UsedIn" Val="synthesis"/>
        <Attr Name="UsedIn" Val="simulation"/>
      </FileInfo>
    </File>
    <File Path="$PSRCDIR/sources_1/imports/new/left_shift_reg.vhd">
      <FileInfo>
        <Attr Name="ImportPath" Val="$PPRDIR/../lab_3/lab_3.srcs/sources_1/new/left_shift_reg.vhd"/>
        <Attr Name="ImportTime" Val="1708102814"/>
        <Attr Name="UsedIn" Val="synthesis"/>
        <Attr Name="UsedIn" Val="simulation"/>
      </FileInfo>
    </File>
    <File Path="$PSRCDIR/sources_1/imports/new/mult_dflow.vhd">
      <FileInfo>
        <Attr Name="ImportPath" Val="$PPRDIR/../lab_3/lab_3.srcs/sources_1/new/mult_dflow.vhd"/>
        <Attr Name="ImportTime" Val="1708047811"/>
        <Attr Name="UsedIn" Val="synthesis"/>
        <Attr Name="UsedIn" Val="simulation"/>
      </FileInfo>
    </File>
    <File Path="$PSRCDIR/sources_1/imports/new/multiplier.vhd">
      <FileInfo>
        <Attr Name="ImportPath" Val="$PPRDIR/../lab_3/lab_3.srcs/sources_1/new/multiplier.vhd"/>
        <Attr Name="ImportTime" Val="1708044745"/>
        <Attr Name="UsedIn" Val="synthesis"/>
        <Attr Name="UsedIn" Val="simulation"/>
      </FileInfo>
    </File>
    <File Path="$PSRCDIR/sources_1/new/program_counter.vhd">
      <FileInfo>
        <Attr Name="UsedIn" Val="synthesis"/>
        <Attr Name="UsedIn" Val="simulation"/>
      </FileInfo>
    </File>
    <File Path="$PSRCDIR/sources_1/new/register_file.vhd">
      <FileInfo>
        <Attr Name="UsedIn" Val="synthesis"/>
        <Attr Name="UsedIn" Val="simulation"/>
      </FileInfo>
    </File>
    <File Path="$PSRCDIR/sources_1/imports/new/right_reg.vhd">
      <FileInfo>
        <Attr Name="ImportPath" Val="$PPRDIR/../lab_3/lab_3.srcs/sources_1/new/right_reg.vhd"/>
        <Attr Name="ImportTime" Val="1708102742"/>
        <Attr Name="UsedIn" Val="synthesis"/>
        <Attr Name="UsedIn" Val="simulation"/>
      </FileInfo>
    </File>
    <File Path="$PSRCDIR/sources_1/new/sign_extend.vhd">
      <FileInfo>
        <Attr Name="UsedIn" Val="synthesis"/>
        <Attr Name="UsedIn" Val="simulation"/>
      </FileInfo>
    </File>
    <File Path="$PSRCDIR/sources_1/imports/new/sync_register.vhd">
      <FileInfo>
        <Attr Name="ImportPath" Val="$PPRDIR/../lab_3/lab_3.srcs/sources_1/new/sync_register.vhd"/>
        <Attr Name="ImportTime" Val="1707948581"/>
        <Attr Name="UsedIn" Val="synthesis"/>
        <Attr Name="UsedIn" Val="simulation"/>
      </FileInfo>
    </File>
    <File Path="$PSRCDIR/sources_1/new/CPU_no_mem.vhd">
      <FileInfo>
        <Attr Name="UsedIn" Val="synthesis"/>
        <Attr Name="UsedIn" Val="simulation"/>
      </FileInfo>
    </File>
    <File Path="$PSRCDIR/sources_1/bd/design_1/design_1.bd">
      <FileInfo>
        <Attr Name="UsedIn" Val="synthesis"/>
        <Attr Name="UsedIn" Val="implementation"/>
        <Attr Name="UsedIn" Val="simulation"/>
      </FileInfo>
    </File>
    <File Path="$PSRCDIR/sources_1/bd/design_1/hdl/design_1_wrapper.vhd">
      <FileInfo>
        <Attr Name="UsedIn" Val="synthesis"/>
        <Attr Name="UsedIn" Val="simulation"/>
      </FileInfo>
    </File>
    <File Path="$PSRCDIR/sources_1/imports/Downloads/CPU_memory.vhd">
      <FileInfo>
        <Attr Name="AutoDisabled" Val="1"/>
        <Attr Name="ImportPath" Val="//Mac/Home/Downloads/CPU_memory.vhd"/>
        <Attr Name="ImportTime" Val="1709743220"/>
        <Attr Name="UsedIn" Val="synthesis"/>
        <Attr Name="UsedIn" Val="simulation"/>
      </FileInfo>
    </File>
    <File Path="$PSRCDIR/sources_1/new/cpu_tb.vhd">
      <FileInfo>
        <Attr Name="AutoDisabled" Val="1"/>
        <Attr Name="UsedIn" Val="synthesis"/>
        <Attr Name="UsedIn" Val="simulation"/>
      </FileInfo>
    </File>
    <File Path="$PSRCDIR/sources_1/imports/new/slicer.vhd">
      <FileInfo>
        <Attr Name="AutoDisabled" Val="1"/>
        <Attr Name="ImportPath" Val="$PPRDIR/../lab_3/lab_3.srcs/sources_1/new/slicer.vhd"/>
        <Attr Name="ImportTime" Val="1708205632"/>
        <Attr Name="UsedIn" Val="synthesis"/>
        <Attr Name="UsedIn" Val="simulation"/>
      </FileInfo>
    </File>
    <File Path="$PSRCDIR/sources_1/imports/new/left_reg.vhd">
      <FileInfo>
        <Attr Name="AutoDisabled" Val="1"/>
        <Attr Name="ImportPath" Val="$PPRDIR/../lab_3/lab_3.srcs/sources_1/new/left_reg.vhd"/>
        <Attr Name="ImportTime" Val="1707967349"/>
        <Attr Name="UsedIn" Val="synthesis"/>
        <Attr Name="UsedIn" Val="simulation"/>
      </FileInfo>
    </File>
    <Config>
      <Option Name="DesignMode" Val="RTL"/>
      <Option Name="TopModule" Val="design_1_wrapper"/>
    </Config>
  </FileSet>
  <FileSet Name="constrs_in" Type="Constrs" RelSrcDir="$PSRCDIR/constrs_1">
    <Filter Type="Constrs"/>
    <File Path="$PSRCDIR/constrs_1/imports/Downloads/PYNQ-Z1_C.xdc">
      <FileInfo>
        <Attr Name="ImportPath" Val="//Mac/Home/Downloads/PYNQ-Z1_C.xdc"/>
        <Attr Name="ImportTime" Val="1704746085"/>
        <Attr Name="UsedIn" Val="synthesis"/>
        <Attr Name="UsedIn" Val="implementation"/>
      </FileInfo>
    </File>
    <Config>
      <Option Name="ConstrsType" Val="XDC"/>
    </Config>
  </FileSet>
  <FileSet Name="utils" Type="Utils" RelSrcDir="$PSRCDIR/utils_1">
    <Filter Type="Utils"/>
    <Config>
      <Option Name="TopAutoSet" Val="TRUE"/>
    </Config>
  </FileSet>
  <Strategy Version="1" Minor="2">
    <StratHandle Name="Vivado Implementation Defaults" Flow="Vivado Implementation 2018"/>
    <Step Id="init_design"/>
    <Step Id="opt_design"/>
    <Step Id="power_opt_design"/>
    <Step Id="place_design"/>
    <Step Id="post_place_power_opt_design"/>
    <Step Id="phys_opt_design"/>
    <Step Id="route_design"/>
    <Step Id="post_route_phys_opt_design"/>
    <Step Id="write_bitstream"/>
  </Strategy>
  <BlockFileSet Type="BlockSrcs" Name="design_1_axi_regmap_0_0"/>
  <BlockFileSet Type="BlockSrcs" Name="design_1_rst_ps7_0_100M_0"/>
  <BlockFileSet Type="BlockSrcs" Name="design_1_blk_mem_gen_0_0"/>
  <BlockFileSet Type="BlockSrcs" Name="design_1_xbar_1"/>
  <BlockFileSet Type="BlockSrcs" Name="design_1_axi_bram_ctrl_0_0"/>
  <BlockFileSet Type="BlockSrcs" Name="design_1_processing_system7_0_0"/>
  <BlockFileSet Type="BlockSrcs" Name="design_1_CPU_no_mem_0_0"/>
</GenRun>
