<?xml version="1.0" encoding="UTF-8"?>
<vivadoHLSLog:LogRoot xmlns:vivadoHLSLog="www.xilinx.com/vivadoHLSLog">
  <errorLogs>
    <logs>
      <synLog/>
      <simLog/>
      <mgLog/>
      <packageLog/>
      <csimLog/>
    </logs>
  </errorLogs>
  <warningLogs>
    <logs>
      <synLog>
        <logs message="WARNING: [XFORM 203-1103] Ignored data pack directive on non-struct variable 'INPUT_STREAM.data.V' (vhls/mmult_accel.cpp:21)." projectName="Lab5" solutionName="solution1" date="2024-03-30T19:50:43.978-0400" type="Warning"/>
        <logs message="WARNING: [XFORM 203-1103] Ignored data pack directive on non-struct variable 'OUTPUT_STREAM.data.V' (vhls/mmult_accel.cpp:21)." projectName="Lab5" solutionName="solution1" date="2024-03-30T19:50:43.818-0400" type="Warning"/>
        <logs message="Cygwin WARNING:&#xD;&#xA;  Couldn't compute FAST_CWD pointer.  This typically occurs if you're using&#xD;&#xA;  an older Cygwin version on a newer Windows.  Please update to the latest&#xD;&#xA;  available Cygwin version from https://cygwin.com/.  If the problem persists,&#xD;&#xA;  please see https://cygwin.com/problems.html&#xD;&#xA;&#xA;" projectName="Lab5" solutionName="solution1" date="2024-03-30T19:50:08.538-0400" type="Warning"/>
      </synLog>
      <simLog/>
      <mgLog/>
      <packageLog/>
      <csimLog>
        <logs message="Cygwin WARNING:&#xD;&#xA;  Couldn't compute FAST_CWD pointer.  This typically occurs if you're using&#xD;&#xA;  an older Cygwin version on a newer Windows.  Please update to the latest&#xD;&#xA;  available Cygwin version from https://cygwin.com/.  If the problem persists,&#xD;&#xA;  please see https://cygwin.com/problems.html&#xD;&#xA;&#xA;" projectName="Lab5" solutionName="solution1" date="2024-03-30T19:53:12.009-0400" type="Warning"/>
        <logs message="Cygwin WARNING:&#xD;&#xA;  Couldn't compute FAST_CWD pointer.  This typically occurs if you're using&#xD;&#xA;  an older Cygwin version on a newer Windows.  Please update to the latest&#xD;&#xA;  available Cygwin version from https://cygwin.com/.  If the problem persists,&#xD;&#xA;  please see https://cygwin.com/problems.html&#xD;&#xA;&#xA;" projectName="Lab5" solutionName="solution1" date="2024-03-30T19:53:11.945-0400" type="Warning"/>
        <logs message="Cygwin WARNING:&#xD;&#xA;  Couldn't compute FAST_CWD pointer.  This typically occurs if you're using&#xD;&#xA;  an older Cygwin version on a newer Windows.  Please update to the latest&#xD;&#xA;  available Cygwin version from https://cygwin.com/.  If the problem persists,&#xD;&#xA;  please see https://cygwin.com/problems.html&#xD;&#xA;&#xA;&#xD;&#xA;In file included from C:/Xilinx/Vivado/2018.3/include/floating_point_v7_0_bitacc_cmodel.h:143:0,&#xD;&#xA;                 from C:/Xilinx/Vivado/2018.3/include/hls_fpo.h:186,&#xD;&#xA;                 from C:/Xilinx/Vivado/2018.3/include/hls_half.h:44,&#xD;&#xA;                 from C:/Xilinx/Vivado/2018.3/include/etc/ap_private.h:90,&#xD;&#xA;                 from C:/Xilinx/Vivado/2018.3/include/ap_common.h:641,&#xD;&#xA;                 from C:/Xilinx/Vivado/2018.3/include/ap_int.h:54,&#xD;&#xA;                 from C:/Xilinx/Vivado/2018.3/include/ap_axi_sdata.h:86,&#xD;&#xA;                 from ../../../../vhls/mmult.h:3,&#xD;&#xA;                 from ../../../../vhls/mmult_accel.cpp:4:&#xD;&#xA;C:/Xilinx/Vivado/2018.3/include/gmp.h:62:0: warning: &quot;__GMP_LIBGMP_DLL&quot; redefined&#xD;&#xA; #define __GMP_LIBGMP_DLL  0&#xD;&#xA; &#xD;&#xA;In file included from C:/Xilinx/Vivado/2018.3/include/hls_fpo.h:186:0,&#xD;&#xA;                 from C:/Xilinx/Vivado/2018.3/include/hls_half.h:44,&#xD;&#xA;                 from C:/Xilinx/Vivado/2018.3/include/etc/ap_private.h:90,&#xD;&#xA;                 from C:/Xilinx/Vivado/2018.3/include/ap_common.h:641,&#xD;&#xA;                 from C:/Xilinx/Vivado/2018.3/include/ap_int.h:54,&#xD;&#xA;                 from C:/Xilinx/Vivado/2018.3/include/ap_axi_sdata.h:86,&#xD;&#xA;                 from ../../../../vhls/mmult.h:3,&#xD;&#xA;                 from ../../../../vhls/mmult_accel.cpp:4:&#xD;&#xA;C:/Xilinx/Vivado/2018.3/include/floating_point_v7_0_bitacc_cmodel.h:135:0: note: this is the location of the previous definition&#xD;&#xA; #define __GMP_LIBGMP_DLL 1&#xD;&#xA; " projectName="Lab5" solutionName="solution1" date="2024-03-30T19:53:11.889-0400" type="Warning"/>
        <logs message="Cygwin WARNING:&#xD;&#xA;  Couldn't compute FAST_CWD pointer.  This typically occurs if you're using&#xD;&#xA;  an older Cygwin version on a newer Windows.  Please update to the latest&#xD;&#xA;  available Cygwin version from https://cygwin.com/.  If the problem persists,&#xD;&#xA;  please see https://cygwin.com/problems.html&#xD;&#xA;&#xA;" projectName="Lab5" solutionName="solution1" date="2024-03-30T19:53:11.817-0400" type="Warning"/>
        <logs message="Cygwin WARNING:&#xD;&#xA;  Couldn't compute FAST_CWD pointer.  This typically occurs if you're using&#xD;&#xA;  an older Cygwin version on a newer Windows.  Please update to the latest&#xD;&#xA;  available Cygwin version from https://cygwin.com/.  If the problem persists,&#xD;&#xA;  please see https://cygwin.com/problems.html&#xD;&#xA;&#xA;&#xD;&#xA;In file included from C:/Xilinx/Vivado/2018.3/include/floating_point_v7_0_bitacc_cmodel.h:143:0,&#xD;&#xA;                 from C:/Xilinx/Vivado/2018.3/include/hls_fpo.h:186,&#xD;&#xA;                 from C:/Xilinx/Vivado/2018.3/include/hls_half.h:44,&#xD;&#xA;                 from C:/Xilinx/Vivado/2018.3/include/etc/ap_private.h:90,&#xD;&#xA;                 from C:/Xilinx/Vivado/2018.3/include/ap_common.h:641,&#xD;&#xA;                 from C:/Xilinx/Vivado/2018.3/include/ap_int.h:54,&#xD;&#xA;                 from C:/Xilinx/Vivado/2018.3/include/ap_axi_sdata.h:86,&#xD;&#xA;                 from ../../../../vhls/mmult.h:3,&#xD;&#xA;                 from ../../../../vhls/mmult_test.cpp:4:&#xD;&#xA;C:/Xilinx/Vivado/2018.3/include/gmp.h:62:0: warning: &quot;__GMP_LIBGMP_DLL&quot; redefined&#xD;&#xA; #define __GMP_LIBGMP_DLL  0&#xD;&#xA; &#xD;&#xA;In file included from C:/Xilinx/Vivado/2018.3/include/hls_fpo.h:186:0,&#xD;&#xA;                 from C:/Xilinx/Vivado/2018.3/include/hls_half.h:44,&#xD;&#xA;                 from C:/Xilinx/Vivado/2018.3/include/etc/ap_private.h:90,&#xD;&#xA;                 from C:/Xilinx/Vivado/2018.3/include/ap_common.h:641,&#xD;&#xA;                 from C:/Xilinx/Vivado/2018.3/include/ap_int.h:54,&#xD;&#xA;                 from C:/Xilinx/Vivado/2018.3/include/ap_axi_sdata.h:86,&#xD;&#xA;                 from ../../../../vhls/mmult.h:3,&#xD;&#xA;                 from ../../../../vhls/mmult_test.cpp:4:&#xD;&#xA;C:/Xilinx/Vivado/2018.3/include/floating_point_v7_0_bitacc_cmodel.h:135:0: note: this is the location of the previous definition&#xD;&#xA; #define __GMP_LIBGMP_DLL 1&#xD;&#xA; " projectName="Lab5" solutionName="solution1" date="2024-03-30T19:53:11.761-0400" type="Warning"/>
        <logs message="Cygwin WARNING:&#xD;&#xA;  Couldn't compute FAST_CWD pointer.  This typically occurs if you're using&#xD;&#xA;  an older Cygwin version on a newer Windows.  Please update to the latest&#xD;&#xA;  available Cygwin version from https://cygwin.com/.  If the problem persists,&#xD;&#xA;  please see https://cygwin.com/problems.html&#xD;&#xA;&#xA;" projectName="Lab5" solutionName="solution1" date="2024-03-30T19:53:11.681-0400" type="Warning"/>
        <logs message="Cygwin WARNING:&#xD;&#xA;  Couldn't compute FAST_CWD pointer.  This typically occurs if you're using&#xD;&#xA;  an older Cygwin version on a newer Windows.  Please update to the latest&#xD;&#xA;  available Cygwin version from https://cygwin.com/.  If the problem persists,&#xD;&#xA;  please see https://cygwin.com/problems.html&#xD;&#xA;&#xA;" projectName="Lab5" solutionName="solution1" date="2024-03-30T19:53:11.609-0400" type="Warning"/>
        <logs message="Cygwin WARNING:&#xD;&#xA;  Couldn't compute FAST_CWD pointer.  This typically occurs if you're using&#xD;&#xA;  an older Cygwin version on a newer Windows.  Please update to the latest&#xD;&#xA;  available Cygwin version from https://cygwin.com/.  If the problem persists,&#xD;&#xA;  please see https://cygwin.com/problems.html&#xD;&#xA;&#xA;" projectName="Lab5" solutionName="solution1" date="2024-03-30T19:53:11.561-0400" type="Warning"/>
        <logs message="Cygwin WARNING:&#xD;&#xA;  Couldn't compute FAST_CWD pointer.  This typically occurs if you're using&#xD;&#xA;  an older Cygwin version on a newer Windows.  Please update to the latest&#xD;&#xA;  available Cygwin version from https://cygwin.com/.  If the problem persists,&#xD;&#xA;  please see https://cygwin.com/problems.html&#xD;&#xA;&#xA;" projectName="Lab5" solutionName="solution1" date="2024-03-30T19:53:11.529-0400" type="Warning"/>
        <logs message="Cygwin WARNING:&#xD;&#xA;  Couldn't compute FAST_CWD pointer.  This typically occurs if you're using&#xD;&#xA;  an older Cygwin version on a newer Windows.  Please update to the latest&#xD;&#xA;  available Cygwin version from https://cygwin.com/.  If the problem persists,&#xD;&#xA;  please see https://cygwin.com/problems.html&#xD;&#xA;&#xA;" projectName="Lab5" solutionName="solution1" date="2024-03-30T19:53:11.505-0400" type="Warning"/>
        <logs message="Cygwin WARNING:&#xD;&#xA;  Couldn't compute FAST_CWD pointer.  This typically occurs if you're using&#xD;&#xA;  an older Cygwin version on a newer Windows.  Please update to the latest&#xD;&#xA;  available Cygwin version from https://cygwin.com/.  If the problem persists,&#xD;&#xA;  please see https://cygwin.com/problems.html&#xD;&#xA;&#xA;" projectName="Lab5" solutionName="solution1" date="2024-03-30T19:53:11.481-0400" type="Warning"/>
        <logs message="Cygwin WARNING:&#xD;&#xA;  Couldn't compute FAST_CWD pointer.  This typically occurs if you're using&#xD;&#xA;  an older Cygwin version on a newer Windows.  Please update to the latest&#xD;&#xA;  available Cygwin version from https://cygwin.com/.  If the problem persists,&#xD;&#xA;  please see https://cygwin.com/problems.html&#xD;&#xA;&#xA;&#xD;&#xA;   Compiling ../../../../vhls/mmult_test.cpp in debug mode&#xD;&#xA;   Compiling ../../../../vhls/mmult_accel.cpp in debug mode&#xD;&#xA;   Generating csim.exe" projectName="Lab5" solutionName="solution1" date="2024-03-30T19:53:11.433-0400" type="Warning"/>
        <logs message="Cygwin WARNING:&#xD;&#xA;  Couldn't compute FAST_CWD pointer.  This typically occurs if you're using&#xD;&#xA;  an older Cygwin version on a newer Windows.  Please update to the latest&#xD;&#xA;  available Cygwin version from https://cygwin.com/.  If the problem persists,&#xD;&#xA;  please see https://cygwin.com/problems.html&#xD;&#xA;&#xA;" projectName="Lab5" solutionName="solution1" date="2024-03-30T19:53:03.329-0400" type="Warning"/>
      </csimLog>
    </logs>
  </warningLogs>
</vivadoHLSLog:LogRoot>
