<?xml version="1.0" encoding="UTF-8"?>
<vivadoHLSLog:LogRoot xmlns:vivadoHLSLog="www.xilinx.com/vivadoHLSLog">
  <errorLogs>
    <logs>
      <synLog/>
      <simLog/>
      <mgLog/>
      <packageLog/>
      <csimLog/>
    </logs>
  </errorLogs>
  <warningLogs>
    <logs>
      <synLog>
        <logs message="WARNING: [HLS 200-40] Skipped source file 'rock512.pgm'. Source files must have extensions .c, .C, .cc, .cpp, .c++, .cp, or .cxx." projectName="lab6" solutionName="solution1" date="2024-04-12T17:36:44.089-0400" type="Warning"/>
        <logs message="Cygwin WARNING:&#xD;&#xA;  Couldn't compute FAST_CWD pointer.  This typically occurs if you're using&#xD;&#xA;  an older Cygwin version on a newer Windows.  Please update to the latest&#xD;&#xA;  available Cygwin version from https://cygwin.com/.  If the problem persists,&#xD;&#xA;  please see https://cygwin.com/problems.html&#xD;&#xA;&#xA;" projectName="lab6" solutionName="solution1" date="2024-04-12T17:36:43.286-0400" type="Warning"/>
      </synLog>
      <simLog/>
      <mgLog/>
      <packageLog/>
      <csimLog>
        <logs message="Cygwin WARNING:&#xD;&#xA;  Couldn't compute FAST_CWD pointer.  This typically occurs if you're using&#xD;&#xA;  an older Cygwin version on a newer Windows.  Please update to the latest&#xD;&#xA;  available Cygwin version from https://cygwin.com/.  If the problem persists,&#xD;&#xA;  please see https://cygwin.com/problems.html&#xD;&#xA;&#xA;" projectName="lab6" solutionName="solution1" date="2024-04-15T10:56:55.613-0400" type="Warning"/>
        <logs message="Cygwin WARNING:&#xD;&#xA;  Couldn't compute FAST_CWD pointer.  This typically occurs if you're using&#xD;&#xA;  an older Cygwin version on a newer Windows.  Please update to the latest&#xD;&#xA;  available Cygwin version from https://cygwin.com/.  If the problem persists,&#xD;&#xA;  please see https://cygwin.com/problems.html&#xD;&#xA;&#xA;" projectName="lab6" solutionName="solution1" date="2024-04-15T10:56:55.582-0400" type="Warning"/>
        <logs message="Cygwin WARNING:&#xD;&#xA;  Couldn't compute FAST_CWD pointer.  This typically occurs if you're using&#xD;&#xA;  an older Cygwin version on a newer Windows.  Please update to the latest&#xD;&#xA;  available Cygwin version from https://cygwin.com/.  If the problem persists,&#xD;&#xA;  please see https://cygwin.com/problems.html&#xD;&#xA;&#xA;" projectName="lab6" solutionName="solution1" date="2024-04-15T10:56:55.517-0400" type="Warning"/>
        <logs message="Cygwin WARNING:&#xD;&#xA;  Couldn't compute FAST_CWD pointer.  This typically occurs if you're using&#xD;&#xA;  an older Cygwin version on a newer Windows.  Please update to the latest&#xD;&#xA;  available Cygwin version from https://cygwin.com/.  If the problem persists,&#xD;&#xA;  please see https://cygwin.com/problems.html&#xD;&#xA;&#xA;" projectName="lab6" solutionName="solution1" date="2024-04-15T10:56:55.437-0400" type="Warning"/>
        <logs message="Cygwin WARNING:&#xD;&#xA;  Couldn't compute FAST_CWD pointer.  This typically occurs if you're using&#xD;&#xA;  an older Cygwin version on a newer Windows.  Please update to the latest&#xD;&#xA;  available Cygwin version from https://cygwin.com/.  If the problem persists,&#xD;&#xA;  please see https://cygwin.com/problems.html&#xD;&#xA;&#xA;&#xD;&#xA;In file included from C:/Xilinx/Vivado/2018.3/include/floating_point_v7_0_bitacc_cmodel.h:143:0,&#xD;&#xA;                 from C:/Xilinx/Vivado/2018.3/include/hls_fpo.h:186,&#xD;&#xA;                 from C:/Xilinx/Vivado/2018.3/include/hls_half.h:44,&#xD;&#xA;                 from C:/Xilinx/Vivado/2018.3/include/etc/ap_private.h:90,&#xD;&#xA;                 from C:/Xilinx/Vivado/2018.3/include/ap_common.h:641,&#xD;&#xA;                 from C:/Xilinx/Vivado/2018.3/include/ap_int.h:54,&#xD;&#xA;                 from C:/Xilinx/Vivado/2018.3/include/ap_axi_sdata.h:86,&#xD;&#xA;                 from ../../../vhls/convolution.hpp:42,&#xD;&#xA;                 from ../../../vhls/convolution.cpp:33:&#xD;&#xA;C:/Xilinx/Vivado/2018.3/include/gmp.h:62:0: warning: &quot;__GMP_LIBGMP_DLL&quot; redefined&#xD;&#xA; #define __GMP_LIBGMP_DLL  0&#xD;&#xA; &#xD;&#xA;In file included from C:/Xilinx/Vivado/2018.3/include/hls_fpo.h:186:0,&#xD;&#xA;                 from C:/Xilinx/Vivado/2018.3/include/hls_half.h:44,&#xD;&#xA;                 from C:/Xilinx/Vivado/2018.3/include/etc/ap_private.h:90,&#xD;&#xA;                 from C:/Xilinx/Vivado/2018.3/include/ap_common.h:641,&#xD;&#xA;                 from C:/Xilinx/Vivado/2018.3/include/ap_int.h:54,&#xD;&#xA;                 from C:/Xilinx/Vivado/2018.3/include/ap_axi_sdata.h:86,&#xD;&#xA;                 from ../../../vhls/convolution.hpp:42,&#xD;&#xA;                 from ../../../vhls/convolution.cpp:33:&#xD;&#xA;C:/Xilinx/Vivado/2018.3/include/floating_point_v7_0_bitacc_cmodel.h:135:0: note: this is the location of the previous definition&#xD;&#xA; #define __GMP_LIBGMP_DLL 1&#xD;&#xA; " projectName="lab6" solutionName="solution1" date="2024-04-15T10:56:55.349-0400" type="Warning"/>
        <logs message="Cygwin WARNING:&#xD;&#xA;  Couldn't compute FAST_CWD pointer.  This typically occurs if you're using&#xD;&#xA;  an older Cygwin version on a newer Windows.  Please update to the latest&#xD;&#xA;  available Cygwin version from https://cygwin.com/.  If the problem persists,&#xD;&#xA;  please see https://cygwin.com/problems.html&#xD;&#xA;&#xA;" projectName="lab6" solutionName="solution1" date="2024-04-15T10:56:55.285-0400" type="Warning"/>
        <logs message="Cygwin WARNING:&#xD;&#xA;  Couldn't compute FAST_CWD pointer.  This typically occurs if you're using&#xD;&#xA;  an older Cygwin version on a newer Windows.  Please update to the latest&#xD;&#xA;  available Cygwin version from https://cygwin.com/.  If the problem persists,&#xD;&#xA;  please see https://cygwin.com/problems.html&#xD;&#xA;&#xA;&#xD;&#xA;In file included from C:/Xilinx/Vivado/2018.3/include/floating_point_v7_0_bitacc_cmodel.h:143:0,&#xD;&#xA;                 from C:/Xilinx/Vivado/2018.3/include/hls_fpo.h:186,&#xD;&#xA;                 from C:/Xilinx/Vivado/2018.3/include/hls_half.h:44,&#xD;&#xA;                 from C:/Xilinx/Vivado/2018.3/include/etc/ap_private.h:90,&#xD;&#xA;                 from C:/Xilinx/Vivado/2018.3/include/ap_common.h:641,&#xD;&#xA;                 from C:/Xilinx/Vivado/2018.3/include/ap_int.h:54,&#xD;&#xA;                 from C:/Xilinx/Vivado/2018.3/include/ap_axi_sdata.h:86,&#xD;&#xA;                 from ../../../vhls/convolution.hpp:42,&#xD;&#xA;                 from ../../../vhls/testbench.cpp:34:&#xD;&#xA;C:/Xilinx/Vivado/2018.3/include/gmp.h:62:0: warning: &quot;__GMP_LIBGMP_DLL&quot; redefined&#xD;&#xA; #define __GMP_LIBGMP_DLL  0&#xD;&#xA; &#xD;&#xA;In file included from C:/Xilinx/Vivado/2018.3/include/hls_fpo.h:186:0,&#xD;&#xA;                 from C:/Xilinx/Vivado/2018.3/include/hls_half.h:44,&#xD;&#xA;                 from C:/Xilinx/Vivado/2018.3/include/etc/ap_private.h:90,&#xD;&#xA;                 from C:/Xilinx/Vivado/2018.3/include/ap_common.h:641,&#xD;&#xA;                 from C:/Xilinx/Vivado/2018.3/include/ap_int.h:54,&#xD;&#xA;                 from C:/Xilinx/Vivado/2018.3/include/ap_axi_sdata.h:86,&#xD;&#xA;                 from ../../../vhls/convolution.hpp:42,&#xD;&#xA;                 from ../../../vhls/testbench.cpp:34:&#xD;&#xA;C:/Xilinx/Vivado/2018.3/include/floating_point_v7_0_bitacc_cmodel.h:135:0: note: this is the location of the previous definition&#xD;&#xA; #define __GMP_LIBGMP_DLL 1&#xD;&#xA; " projectName="lab6" solutionName="solution1" date="2024-04-15T10:56:55.222-0400" type="Warning"/>
        <logs message="Cygwin WARNING:&#xD;&#xA;  Couldn't compute FAST_CWD pointer.  This typically occurs if you're using&#xD;&#xA;  an older Cygwin version on a newer Windows.  Please update to the latest&#xD;&#xA;  available Cygwin version from https://cygwin.com/.  If the problem persists,&#xD;&#xA;  please see https://cygwin.com/problems.html&#xD;&#xA;&#xA;" projectName="lab6" solutionName="solution1" date="2024-04-15T10:56:55.190-0400" type="Warning"/>
        <logs message="Cygwin WARNING:&#xD;&#xA;  Couldn't compute FAST_CWD pointer.  This typically occurs if you're using&#xD;&#xA;  an older Cygwin version on a newer Windows.  Please update to the latest&#xD;&#xA;  available Cygwin version from https://cygwin.com/.  If the problem persists,&#xD;&#xA;  please see https://cygwin.com/problems.html&#xD;&#xA;&#xA;" projectName="lab6" solutionName="solution1" date="2024-04-15T10:56:55.157-0400" type="Warning"/>
        <logs message="Cygwin WARNING:&#xD;&#xA;  Couldn't compute FAST_CWD pointer.  This typically occurs if you're using&#xD;&#xA;  an older Cygwin version on a newer Windows.  Please update to the latest&#xD;&#xA;  available Cygwin version from https://cygwin.com/.  If the problem persists,&#xD;&#xA;  please see https://cygwin.com/problems.html&#xD;&#xA;&#xA;" projectName="lab6" solutionName="solution1" date="2024-04-15T10:56:55.109-0400" type="Warning"/>
        <logs message="Cygwin WARNING:&#xD;&#xA;  Couldn't compute FAST_CWD pointer.  This typically occurs if you're using&#xD;&#xA;  an older Cygwin version on a newer Windows.  Please update to the latest&#xD;&#xA;  available Cygwin version from https://cygwin.com/.  If the problem persists,&#xD;&#xA;  please see https://cygwin.com/problems.html&#xD;&#xA;&#xA;" projectName="lab6" solutionName="solution1" date="2024-04-15T10:56:55.069-0400" type="Warning"/>
        <logs message="Cygwin WARNING:&#xD;&#xA;  Couldn't compute FAST_CWD pointer.  This typically occurs if you're using&#xD;&#xA;  an older Cygwin version on a newer Windows.  Please update to the latest&#xD;&#xA;  available Cygwin version from https://cygwin.com/.  If the problem persists,&#xD;&#xA;  please see https://cygwin.com/problems.html&#xD;&#xA;&#xA;" projectName="lab6" solutionName="solution1" date="2024-04-15T10:56:55.029-0400" type="Warning"/>
        <logs message="Cygwin WARNING:&#xD;&#xA;  Couldn't compute FAST_CWD pointer.  This typically occurs if you're using&#xD;&#xA;  an older Cygwin version on a newer Windows.  Please update to the latest&#xD;&#xA;  available Cygwin version from https://cygwin.com/.  If the problem persists,&#xD;&#xA;  please see https://cygwin.com/problems.html&#xD;&#xA;&#xA;" projectName="lab6" solutionName="solution1" date="2024-04-15T10:56:54.981-0400" type="Warning"/>
        <logs message="Cygwin WARNING:&#xD;&#xA;  Couldn't compute FAST_CWD pointer.  This typically occurs if you're using&#xD;&#xA;  an older Cygwin version on a newer Windows.  Please update to the latest&#xD;&#xA;  available Cygwin version from https://cygwin.com/.  If the problem persists,&#xD;&#xA;  please see https://cygwin.com/problems.html&#xD;&#xA;&#xA;&#xD;&#xA;   Compiling ../../../vhls/testbench.cpp in debug mode&#xD;&#xA;   Compiling ../../../vhls/convolution.cpp in debug mode&#xD;&#xA;   Compiling ../../../vhls/image.cpp in debug mode&#xD;&#xA;   Generating csim.exe" projectName="lab6" solutionName="solution1" date="2024-04-15T10:56:54.885-0400" type="Warning"/>
        <logs message="Cygwin WARNING:&#xD;&#xA;  Couldn't compute FAST_CWD pointer.  This typically occurs if you're using&#xD;&#xA;  an older Cygwin version on a newer Windows.  Please update to the latest&#xD;&#xA;  available Cygwin version from https://cygwin.com/.  If the problem persists,&#xD;&#xA;  please see https://cygwin.com/problems.html&#xD;&#xA;&#xA;" projectName="lab6" solutionName="solution1" date="2024-04-15T10:56:42.053-0400" type="Warning"/>
      </csimLog>
    </logs>
  </warningLogs>
</vivadoHLSLog:LogRoot>
