<?xml version="1.0"?>
<Runs Version="1" Minor="0">
	<Run Id="lab_2_auto_pc_0_synth_1" LaunchDir="C:/Users/alexivensky/ADDLabs/Lab-2/lab_2/lab_2.runs/lab_2_auto_pc_0_synth_1" FlowId="Vivado_Synthesis" FromStepId="vivado" ToStepId="vivado"/>
	<Run Id="lab_2_rst_ps7_0_100M_0_synth_1" LaunchDir="C:/Users/alexivensky/ADDLabs/Lab-2/lab_2/lab_2.runs/lab_2_rst_ps7_0_100M_0_synth_1" FlowId="Vivado_Synthesis" FromStepId="vivado" ToStepId="vivado"/>
	<Run Id="synth_1" LaunchDir="C:/Users/alexivensky/ADDLabs/Lab-2/lab_2/lab_2.runs/synth_1" FlowId="Vivado_Synthesis" FromStepId="vivado" ToStepId="vivado">
		<Parent Id="lab_2_auto_pc_0_synth_1"/>
		<Parent Id="lab_2_rst_ps7_0_100M_0_synth_1"/>
	</Run>
	<Run Id="impl_1" LaunchDir="C:/Users/alexivensky/ADDLabs/Lab-2/lab_2/lab_2.runs/impl_1" FlowId="Vivado_Implementation" FromStepId="init_design" ToStepId="write_bitstream">
		<Parent Id="synth_1"/>
		<Parent Id="lab_2_auto_pc_0_synth_1"/>
		<Parent Id="lab_2_rst_ps7_0_100M_0_synth_1"/>
	</Run>
	<Parameters>
		<Parameter Name="runs.monitorLSFJobs" Val="true" Type="bool"/>
	</Parameters>
</Runs>

