{
  "Top": "HLS_accel",
  "RtlTop": "HLS_accel",
  "RtlPrefix": "",
  "SourceLanguage": "cpp",
  "ResetStyle": "control",
  "GenerateBdFiles": "1",
  "HostMachineBits": "64",
  "Target": {
    "Family": "zynq",
    "Device": "xc7z020",
    "Package": "clg400",
    "Speed": "-1"
  },
  "HlsSolution": {
    
  },
  "ClockInfo": {
    "ClockName": "ap_clk",
    "ClockPeriod": "10",
    "IsCombLogic": "0",
    "II": "x",
    "Latency": "4270",
    "Uncertainty": "1.25"
  },
  "Xdc": {"OocClocks": ["create_clock -name ap_clk -period 10.000 [get_ports ap_clk]"]},
  "Ipx": {
    "Vendor": "xilinx.com",
    "Library": "hls",
    "Name": "HLS_accel",
    "Version": "1.0",
    "DisplayName": "Hls_accel",
    "Revision": "",
    "Description": "An IP generated by Vivado HLS",
    "Taxonomy": "\/VIVADO_HLS_IP",
    "AutoFamilySupport": ""
  },
  "Files": {
    "CSource": [
      "..\/..\/vhls\/mmult_test.cpp",
      "..\/..\/vhls\/mmult_accel.cpp"
    ],
    "Vhdl": [
      "impl\/vhdl\/HLS_accel_a_0.vhd",
      "impl\/vhdl\/HLS_accel_CONTROL_BUS_s_axi.vhd",
      "impl\/vhdl\/HLS_accel_fadd_32bkb.vhd",
      "impl\/vhdl\/HLS_accel_fmul_32cud.vhd",
      "impl\/vhdl\/HLS_accel_out.vhd",
      "impl\/vhdl\/HLS_accel.vhd"
    ],
    "Verilog": [
      "impl\/verilog\/HLS_accel_a_0.v",
      "impl\/verilog\/HLS_accel_CONTROL_BUS_s_axi.v",
      "impl\/verilog\/HLS_accel_fadd_32bkb.v",
      "impl\/verilog\/HLS_accel_fmul_32cud.v",
      "impl\/verilog\/HLS_accel_out.v",
      "impl\/verilog\/HLS_accel.v"
    ],
    "SwDriver": [
      "impl\/misc\/drivers\/HLS_accel_v1_0\/data\/HLS_accel.mdd",
      "impl\/misc\/drivers\/HLS_accel_v1_0\/data\/HLS_accel.tcl",
      "impl\/misc\/drivers\/HLS_accel_v1_0\/src\/Makefile",
      "impl\/misc\/drivers\/HLS_accel_v1_0\/src\/xhls_accel.c",
      "impl\/misc\/drivers\/HLS_accel_v1_0\/src\/xhls_accel.h",
      "impl\/misc\/drivers\/HLS_accel_v1_0\/src\/xhls_accel_hw.h",
      "impl\/misc\/drivers\/HLS_accel_v1_0\/src\/xhls_accel_linux.c",
      "impl\/misc\/drivers\/HLS_accel_v1_0\/src\/xhls_accel_sinit.c"
    ],
    "Misc": ["impl\/misc\/logo.png"],
    "Subcore": [
      "impl\/misc\/HLS_accel_ap_fadd_3_full_dsp_32_ip.tcl",
      "impl\/misc\/HLS_accel_ap_fmul_2_max_dsp_32_ip.tcl"
    ],
    "DesignXml": "C:\/Users\/alexivensky\/ADDLabs\/Lab5\/Lab5\/solution1\/.autopilot\/db\/HLS_accel.design.xml"
  },
  "SubcoreInfo": {
    "HasXpmMemory": false,
    "HasClockedDsp": false,
    "IP": [
      {
        "name": "HLS_accel_ap_fadd_3_full_dsp_32",
        "vlnv": "xilinx.com:ip:floating_point:7.1",
        "params": "CONFIG.a_precision_type Single CONFIG.a_tuser_width 1 CONFIG.add_sub_value Add CONFIG.b_tuser_width 1 CONFIG.c_a_exponent_width 8 CONFIG.c_a_fraction_width 24 CONFIG.c_compare_operation Programmable CONFIG.c_has_divide_by_zero false CONFIG.c_has_invalid_op false CONFIG.c_has_overflow false CONFIG.c_has_underflow false CONFIG.c_latency 3 CONFIG.c_mult_usage Full_Usage CONFIG.c_optimization Speed_Optimized CONFIG.c_rate 1 CONFIG.c_result_exponent_width 8 CONFIG.c_result_fraction_width 24 CONFIG.component_name HLS_accel_ap_fadd_3_full_dsp_32 CONFIG.flow_control NonBlocking CONFIG.has_a_tlast false CONFIG.has_a_tuser false CONFIG.has_aclken true CONFIG.has_aresetn false CONFIG.has_b_tlast false CONFIG.has_b_tuser false CONFIG.has_operation_tlast false CONFIG.has_operation_tuser false CONFIG.has_result_tready false CONFIG.maximum_latency false CONFIG.operation_tuser_width 1 CONFIG.operation_type Add_Subtract CONFIG.result_precision_type Single CONFIG.result_tlast_behv Null"
      },
      {
        "name": "HLS_accel_ap_fmul_2_max_dsp_32",
        "vlnv": "xilinx.com:ip:floating_point:7.1",
        "params": "CONFIG.a_precision_type Single CONFIG.a_tuser_width 1 CONFIG.add_sub_value Both CONFIG.b_tuser_width 1 CONFIG.c_a_exponent_width 8 CONFIG.c_a_fraction_width 24 CONFIG.c_compare_operation Programmable CONFIG.c_has_divide_by_zero false CONFIG.c_has_invalid_op false CONFIG.c_has_overflow false CONFIG.c_has_underflow false CONFIG.c_latency 2 CONFIG.c_mult_usage Max_Usage CONFIG.c_optimization Speed_Optimized CONFIG.c_rate 1 CONFIG.c_result_exponent_width 8 CONFIG.c_result_fraction_width 24 CONFIG.component_name HLS_accel_ap_fmul_2_max_dsp_32 CONFIG.flow_control NonBlocking CONFIG.has_a_tlast false CONFIG.has_a_tuser false CONFIG.has_aclken true CONFIG.has_aresetn false CONFIG.has_b_tlast false CONFIG.has_b_tuser false CONFIG.has_operation_tlast false CONFIG.has_operation_tuser false CONFIG.has_result_tready false CONFIG.maximum_latency false CONFIG.operation_tuser_width 1 CONFIG.operation_type Multiply CONFIG.result_precision_type Single CONFIG.result_tlast_behv Null"
      }
    ]
  },
  "Interfaces": {
    "INPUT_STREAM": {
      "type": "axi4stream",
      "mode": "slave",
      "port_prefix": "INPUT_STREAM",
      "has_tready": "1",
      "ctype": {
        "TDATA": {
          "Type": "integer unsigned",
          "Width": "32"
        },
        "TVALID": {"Type": "bool"},
        "TREADY": {"Type": "bool"},
        "TDEST": {
          "Type": "integer unsigned",
          "Width": "5"
        },
        "TKEEP": {
          "Type": "integer unsigned",
          "Width": "4"
        },
        "TSTRB": {
          "Type": "integer unsigned",
          "Width": "4"
        },
        "TUSER": {
          "Type": "integer unsigned",
          "Width": "4"
        },
        "TLAST": {
          "Type": "integer unsigned",
          "Width": "1"
        },
        "TID": {
          "Type": "integer unsigned",
          "Width": "5"
        }
      },
      "port_width": {
        "TDATA": "32",
        "TDEST": "5",
        "TID": "5",
        "TKEEP": "4",
        "TLAST": "1",
        "TSTRB": "4",
        "TUSER": "4"
      }
    },
    "OUTPUT_STREAM": {
      "type": "axi4stream",
      "mode": "master",
      "port_prefix": "OUTPUT_STREAM",
      "has_tready": "1",
      "ctype": {
        "TDATA": {
          "Type": "integer unsigned",
          "Width": "32"
        },
        "TREADY": {"Type": "bool"},
        "TVALID": {"Type": "bool"},
        "TDEST": {
          "Type": "integer unsigned",
          "Width": "5"
        },
        "TKEEP": {
          "Type": "integer unsigned",
          "Width": "4"
        },
        "TSTRB": {
          "Type": "integer unsigned",
          "Width": "4"
        },
        "TUSER": {
          "Type": "integer unsigned",
          "Width": "4"
        },
        "TLAST": {
          "Type": "integer unsigned",
          "Width": "1"
        },
        "TID": {
          "Type": "integer unsigned",
          "Width": "5"
        }
      },
      "port_width": {
        "TDATA": "32",
        "TDEST": "5",
        "TID": "5",
        "TKEEP": "4",
        "TLAST": "1",
        "TSTRB": "4",
        "TUSER": "4"
      }
    },
    "ap_clk": {
      "type": "clock",
      "ctype": {"CLK": {"Type": "bool"}},
      "buses": "s_axi_CONTROL_BUS INPUT_STREAM OUTPUT_STREAM",
      "reset": "ap_rst_n"
    },
    "ap_rst_n": {
      "type": "reset",
      "polarity": "ACTIVE_LOW",
      "ctype": {"RST": {"Type": "bool"}}
    },
    "interrupt": {
      "type": "interrupt",
      "ctype": {"INTERRUPT": {"Type": "bool"}}
    },
    "s_axi_CONTROL_BUS": {
      "type": "axi4lite",
      "is_adaptor": "true",
      "mode": "slave",
      "port_prefix": "s_axi_CONTROL_BUS",
      "param_prefix": "C_S_AXI_CONTROL_BUS",
      "addr_bits": "4",
      "registers": [
        {
          "offset": "0x00",
          "name": "CTRL",
          "access": "RW",
          "reset_value": "0x0",
          "description": "Control signals",
          "fields": [
            {
              "offset": "0",
              "width": "1",
              "name": "AP_START",
              "access": "RW",
              "reset_value": "0",
              "description": "Control signal Register for 'ap_start'."
            },
            {
              "offset": "1",
              "width": "1",
              "name": "AP_DONE",
              "access": "R",
              "reset_value": "0",
              "description": "Control signal Register for 'ap_done'."
            },
            {
              "offset": "2",
              "width": "1",
              "name": "AP_IDLE",
              "access": "R",
              "reset_value": "0",
              "description": "Control signal Register for 'ap_idle'."
            },
            {
              "offset": "3",
              "width": "1",
              "name": "AP_READY",
              "access": "R",
              "reset_value": "0",
              "description": "Control signal Register for 'ap_ready'."
            },
            {
              "offset": "4",
              "width": "3",
              "name": "RESERVED_1",
              "access": "R",
              "reset_value": "0",
              "description": "Reserved.  0s on read."
            },
            {
              "offset": "7",
              "width": "1",
              "name": "AUTO_RESTART",
              "access": "RW",
              "reset_value": "0",
              "description": "Control signal Register for 'auto_restart'."
            },
            {
              "offset": "8",
              "width": "24",
              "name": "RESERVED_2",
              "access": "R",
              "reset_value": "0",
              "description": "Reserved.  0s on read."
            }
          ]
        },
        {
          "offset": "0x04",
          "name": "GIER",
          "access": "RW",
          "reset_value": "0x0",
          "description": "Global Interrupt Enable Register",
          "fields": [
            {
              "offset": "0",
              "width": "1",
              "name": "Enable",
              "access": "RW",
              "reset_value": "0",
              "description": "Master enable for the device interrupt output to the system interrupt controller: 0 = Disabled, 1 = Enabled"
            },
            {
              "offset": "1",
              "width": "31",
              "name": "RESERVED",
              "access": "R",
              "reset_value": "0",
              "description": "Reserved.  0s on read."
            }
          ]
        },
        {
          "offset": "0x08",
          "name": "IP_IER",
          "access": "RW",
          "reset_value": "0x0",
          "description": "IP Interrupt Enable Register",
          "fields": [
            {
              "offset": "0",
              "width": "1",
              "name": "CHAN0_INT_EN",
              "access": "RW",
              "reset_value": "0",
              "description": "Enable Channel 0 (ap_done) Interrupt.  0 = Disabled, 1 = Enabled."
            },
            {
              "offset": "1",
              "width": "1",
              "name": "CHAN1_INT_EN",
              "access": "RW",
              "reset_value": "0",
              "description": "Enable Channel 1 (ap_ready) Interrupt.  0 = Disabled, 1 = Enabled."
            },
            {
              "offset": "2",
              "width": "30",
              "name": "RESERVED",
              "access": "R",
              "reset_value": "0",
              "description": "Reserved.  0s on read."
            }
          ]
        },
        {
          "offset": "0x0c",
          "name": "IP_ISR",
          "access": "RW",
          "reset_value": "0x0",
          "description": "IP Interrupt Status Register",
          "fields": [
            {
              "offset": "0",
              "width": "1",
              "name": "CHAN0_INT_ST",
              "access": "RTOW",
              "reset_value": "0",
              "description": "Channel 0 (ap_done) Interrupt Status. 0 = No Channel 0 input interrupt, 1 = Channel 0 input interrup"
            },
            {
              "offset": "1",
              "width": "1",
              "name": "CHAN1_INT_ST",
              "access": "RTOW",
              "reset_value": "0",
              "description": "Channel 1 (ap_ready) Interrupt Status. 0 = No Channel 1 input interrupt, 1 = Channel 1 input interrup"
            },
            {
              "offset": "2",
              "width": "30",
              "name": "RESERVED",
              "access": "R",
              "reset_value": "0",
              "description": "Reserved.  0s on read."
            }
          ]
        }
      ],
      "memories": "",
      "ctype": {
        "AWVALID": {"Type": "bool"},
        "AWREADY": {"Type": "bool"},
        "WVALID": {"Type": "bool"},
        "WREADY": {"Type": "bool"},
        "BVALID": {"Type": "bool"},
        "BREADY": {"Type": "bool"},
        "BRESP": {
          "Type": "integer unsigned",
          "Width": "2"
        },
        "ARVALID": {"Type": "bool"},
        "ARREADY": {"Type": "bool"},
        "RVALID": {"Type": "bool"},
        "RREADY": {"Type": "bool"},
        "RRESP": {
          "Type": "integer unsigned",
          "Width": "2"
        },
        "AWADDR": {
          "Type": "integer unsigned",
          "Width": "4"
        },
        "WDATA": {
          "Type": "null",
          "Width": "32"
        },
        "WSTRB": {
          "Type": "integer unsigned",
          "Width": "4"
        },
        "ARADDR": {
          "Type": "integer unsigned",
          "Width": "4"
        },
        "RDATA": {
          "Type": "null",
          "Width": "32"
        }
      },
      "data_width": "32",
      "port_width": {
        "ARADDR": "4",
        "AWADDR": "4",
        "RDATA": "32",
        "WDATA": "32",
        "WSTRB": "4"
      }
    }
  },
  "RtlPorts": {
    "s_axi_CONTROL_BUS_AWVALID": {
      "dir": "in",
      "width": "1"
    },
    "s_axi_CONTROL_BUS_AWREADY": {
      "dir": "out",
      "width": "1"
    },
    "s_axi_CONTROL_BUS_AWADDR": {
      "dir": "in",
      "width": "4"
    },
    "s_axi_CONTROL_BUS_WVALID": {
      "dir": "in",
      "width": "1"
    },
    "s_axi_CONTROL_BUS_WREADY": {
      "dir": "out",
      "width": "1"
    },
    "s_axi_CONTROL_BUS_WDATA": {
      "dir": "in",
      "width": "32"
    },
    "s_axi_CONTROL_BUS_WSTRB": {
      "dir": "in",
      "width": "4"
    },
    "s_axi_CONTROL_BUS_ARVALID": {
      "dir": "in",
      "width": "1"
    },
    "s_axi_CONTROL_BUS_ARREADY": {
      "dir": "out",
      "width": "1"
    },
    "s_axi_CONTROL_BUS_ARADDR": {
      "dir": "in",
      "width": "4"
    },
    "s_axi_CONTROL_BUS_RVALID": {
      "dir": "out",
      "width": "1"
    },
    "s_axi_CONTROL_BUS_RREADY": {
      "dir": "in",
      "width": "1"
    },
    "s_axi_CONTROL_BUS_RDATA": {
      "dir": "out",
      "width": "32"
    },
    "s_axi_CONTROL_BUS_RRESP": {
      "dir": "out",
      "width": "2"
    },
    "s_axi_CONTROL_BUS_BVALID": {
      "dir": "out",
      "width": "1"
    },
    "s_axi_CONTROL_BUS_BREADY": {
      "dir": "in",
      "width": "1"
    },
    "s_axi_CONTROL_BUS_BRESP": {
      "dir": "out",
      "width": "2"
    },
    "ap_clk": {
      "dir": "in",
      "width": "1"
    },
    "ap_rst_n": {
      "dir": "in",
      "width": "1"
    },
    "interrupt": {
      "dir": "out",
      "width": "1",
      "isVector": "true"
    },
    "INPUT_STREAM_TDATA": {
      "dir": "in",
      "width": "32"
    },
    "INPUT_STREAM_TVALID": {
      "dir": "in",
      "width": "1"
    },
    "INPUT_STREAM_TREADY": {
      "dir": "out",
      "width": "1"
    },
    "INPUT_STREAM_TDEST": {
      "dir": "in",
      "width": "5"
    },
    "INPUT_STREAM_TKEEP": {
      "dir": "in",
      "width": "4"
    },
    "INPUT_STREAM_TSTRB": {
      "dir": "in",
      "width": "4"
    },
    "INPUT_STREAM_TUSER": {
      "dir": "in",
      "width": "4"
    },
    "INPUT_STREAM_TLAST": {
      "dir": "in",
      "width": "1",
      "isVector": "true"
    },
    "INPUT_STREAM_TID": {
      "dir": "in",
      "width": "5"
    },
    "OUTPUT_STREAM_TDATA": {
      "dir": "out",
      "width": "32"
    },
    "OUTPUT_STREAM_TREADY": {
      "dir": "in",
      "width": "1"
    },
    "OUTPUT_STREAM_TVALID": {
      "dir": "out",
      "width": "1"
    },
    "OUTPUT_STREAM_TDEST": {
      "dir": "out",
      "width": "5"
    },
    "OUTPUT_STREAM_TKEEP": {
      "dir": "out",
      "width": "4"
    },
    "OUTPUT_STREAM_TSTRB": {
      "dir": "out",
      "width": "4"
    },
    "OUTPUT_STREAM_TUSER": {
      "dir": "out",
      "width": "4"
    },
    "OUTPUT_STREAM_TLAST": {
      "dir": "out",
      "width": "1",
      "isVector": "true"
    },
    "OUTPUT_STREAM_TID": {
      "dir": "out",
      "width": "5"
    }
  },
  "CPorts": {
    "ap_ctrl": {
      "interfaceRef": "s_axi_CONTROL_BUS",
      "dir": "in",
      "offset": "0"
    },
    "INPUT_STREAM_data_V": {
      "interfaceRef": "INPUT_STREAM",
      "dir": "in"
    },
    "INPUT_STREAM_dest_V": {
      "interfaceRef": "INPUT_STREAM",
      "dir": "in"
    },
    "INPUT_STREAM_keep_V": {
      "interfaceRef": "INPUT_STREAM",
      "dir": "in"
    },
    "INPUT_STREAM_strb_V": {
      "interfaceRef": "INPUT_STREAM",
      "dir": "in"
    },
    "INPUT_STREAM_user_V": {
      "interfaceRef": "INPUT_STREAM",
      "dir": "in"
    },
    "INPUT_STREAM_last_V": {
      "interfaceRef": "INPUT_STREAM",
      "dir": "in"
    },
    "INPUT_STREAM_id_V": {
      "interfaceRef": "INPUT_STREAM",
      "dir": "in"
    },
    "OUTPUT_STREAM_data_V": {
      "interfaceRef": "OUTPUT_STREAM",
      "dir": "out",
      "firstOutLatency": "8"
    },
    "OUTPUT_STREAM_dest_V": {
      "interfaceRef": "OUTPUT_STREAM",
      "dir": "out",
      "firstOutLatency": "8"
    },
    "OUTPUT_STREAM_keep_V": {
      "interfaceRef": "OUTPUT_STREAM",
      "dir": "out",
      "firstOutLatency": "8"
    },
    "OUTPUT_STREAM_strb_V": {
      "interfaceRef": "OUTPUT_STREAM",
      "dir": "out",
      "firstOutLatency": "8"
    },
    "OUTPUT_STREAM_user_V": {
      "interfaceRef": "OUTPUT_STREAM",
      "dir": "out",
      "firstOutLatency": "8"
    },
    "OUTPUT_STREAM_last_V": {
      "interfaceRef": "OUTPUT_STREAM",
      "dir": "out",
      "firstOutLatency": "8"
    },
    "OUTPUT_STREAM_id_V": {
      "interfaceRef": "OUTPUT_STREAM",
      "dir": "out",
      "firstOutLatency": "8"
    }
  },
  "ModuleInfo": {
    "Hierarchy": {"ModuleName": "HLS_accel"},
    "Metrics": {"HLS_accel": {
        "Latency": {
          "LatencyBest": "4270",
          "LatencyAvg": "4270",
          "LatencyWorst": "4270",
          "PipelineII": "4271",
          "PipelineDepth": "",
          "PipelineType": "none"
        },
        "Timing": {
          "Target": "10.00",
          "Uncertainty": "1.25",
          "Estimate": "8.092"
        },
        "Loops": [
          {
            "Name": "Loop 1",
            "TripCount": "1024",
            "Latency": "1024",
            "PipelineII": "1",
            "PipelineDepth": "1"
          },
          {
            "Name": "Loop 2",
            "TripCount": "1024",
            "Latency": "1024",
            "PipelineII": "1",
            "PipelineDepth": "1"
          },
          {
            "Name": "Loop 3",
            "TripCount": "1024",
            "Latency": "1189",
            "PipelineII": "1",
            "PipelineDepth": "167"
          },
          {
            "Name": "Loop 4",
            "TripCount": "1024",
            "Latency": "1025",
            "PipelineII": "1",
            "PipelineDepth": "3"
          }
        ],
        "Area": {
          "BRAM_18K": "66",
          "DSP48E": "160",
          "FF": "16193",
          "LUT": "25110"
        }
      }}
  },
  "Sdx": {
    "Target": "none",
    "ProfileOption": "0",
    "ProfileType": "none",
    "XO": "",
    "KernelName": "HLS_accel",
    "EnableXoSwEmu": "1"
  },
  "GenData": {
    "DataVersion": "0.1",
    "Time": "2024-03-30 19:51:00 -0400",
    "ToolName": "vivado_hls",
    "ToolVersion": "2018.3"
  }
}
