<annotationInfo>
<annotationInfo>
<item  id="29" filename="vhls/mmult.h" linenumber="131" name="a_0" contextFuncName="wrapped_mmult_hw&lt;float, 32, 1024, 4, 5, 5&gt;" moduleName="HLS_accel" rtlName="a_0_U" latency="0" BRAM="-1" DSP="-1" FF="-1" LUT="-1" fileDirectory="C:\Users\alexivensky\ADDLabs\Lab5"><\/item>
<item  id="30" filename="vhls/mmult.h" linenumber="131" name="a_1" contextFuncName="wrapped_mmult_hw&lt;float, 32, 1024, 4, 5, 5&gt;" moduleName="HLS_accel" rtlName="a_1_U" latency="0" BRAM="-1" DSP="-1" FF="-1" LUT="-1" fileDirectory="C:\Users\alexivensky\ADDLabs\Lab5"><\/item>
<item  id="31" filename="vhls/mmult.h" linenumber="131" name="a_2" contextFuncName="wrapped_mmult_hw&lt;float, 32, 1024, 4, 5, 5&gt;" moduleName="HLS_accel" rtlName="a_2_U" latency="0" BRAM="-1" DSP="-1" FF="-1" LUT="-1" fileDirectory="C:\Users\alexivensky\ADDLabs\Lab5"><\/item>
<item  id="32" filename="vhls/mmult.h" linenumber="131" name="a_3" contextFuncName="wrapped_mmult_hw&lt;float, 32, 1024, 4, 5, 5&gt;" moduleName="HLS_accel" rtlName="a_3_U" latency="0" BRAM="-1" DSP="-1" FF="-1" LUT="-1" fileDirectory="C:\Users\alexivensky\ADDLabs\Lab5"><\/item>
<item  id="33" filename="vhls/mmult.h" linenumber="131" name="a_4" contextFuncName="wrapped_mmult_hw&lt;float, 32, 1024, 4, 5, 5&gt;" moduleName="HLS_accel" rtlName="a_4_U" latency="0" BRAM="-1" DSP="-1" FF="-1" LUT="-1" fileDirectory="C:\Users\alexivensky\ADDLabs\Lab5"><\/item>
<item  id="34" filename="vhls/mmult.h" linenumber="131" name="a_5" contextFuncName="wrapped_mmult_hw&lt;float, 32, 1024, 4, 5, 5&gt;" moduleName="HLS_accel" rtlName="a_5_U" latency="0" BRAM="-1" DSP="-1" FF="-1" LUT="-1" fileDirectory="C:\Users\alexivensky\ADDLabs\Lab5"><\/item>
<item  id="35" filename="vhls/mmult.h" linenumber="131" name="a_6" contextFuncName="wrapped_mmult_hw&lt;float, 32, 1024, 4, 5, 5&gt;" moduleName="HLS_accel" rtlName="a_6_U" latency="0" BRAM="-1" DSP="-1" FF="-1" LUT="-1" fileDirectory="C:\Users\alexivensky\ADDLabs\Lab5"><\/item>
<item  id="36" filename="vhls/mmult.h" linenumber="131" name="a_7" contextFuncName="wrapped_mmult_hw&lt;float, 32, 1024, 4, 5, 5&gt;" moduleName="HLS_accel" rtlName="a_7_U" latency="0" BRAM="-1" DSP="-1" FF="-1" LUT="-1" fileDirectory="C:\Users\alexivensky\ADDLabs\Lab5"><\/item>
<item  id="37" filename="vhls/mmult.h" linenumber="131" name="a_8" contextFuncName="wrapped_mmult_hw&lt;float, 32, 1024, 4, 5, 5&gt;" moduleName="HLS_accel" rtlName="a_8_U" latency="0" BRAM="-1" DSP="-1" FF="-1" LUT="-1" fileDirectory="C:\Users\alexivensky\ADDLabs\Lab5"><\/item>
<item  id="38" filename="vhls/mmult.h" linenumber="131" name="a_9" contextFuncName="wrapped_mmult_hw&lt;float, 32, 1024, 4, 5, 5&gt;" moduleName="HLS_accel" rtlName="a_9_U" latency="0" BRAM="-1" DSP="-1" FF="-1" LUT="-1" fileDirectory="C:\Users\alexivensky\ADDLabs\Lab5"><\/item>
<item  id="39" filename="vhls/mmult.h" linenumber="131" name="a_10" contextFuncName="wrapped_mmult_hw&lt;float, 32, 1024, 4, 5, 5&gt;" moduleName="HLS_accel" rtlName="a_10_U" latency="0" BRAM="-1" DSP="-1" FF="-1" LUT="-1" fileDirectory="C:\Users\alexivensky\ADDLabs\Lab5"><\/item>
<item  id="40" filename="vhls/mmult.h" linenumber="131" name="a_11" contextFuncName="wrapped_mmult_hw&lt;float, 32, 1024, 4, 5, 5&gt;" moduleName="HLS_accel" rtlName="a_11_U" latency="0" BRAM="-1" DSP="-1" FF="-1" LUT="-1" fileDirectory="C:\Users\alexivensky\ADDLabs\Lab5"><\/item>
<item  id="41" filename="vhls/mmult.h" linenumber="131" name="a_12" contextFuncName="wrapped_mmult_hw&lt;float, 32, 1024, 4, 5, 5&gt;" moduleName="HLS_accel" rtlName="a_12_U" latency="0" BRAM="-1" DSP="-1" FF="-1" LUT="-1" fileDirectory="C:\Users\alexivensky\ADDLabs\Lab5"><\/item>
<item  id="42" filename="vhls/mmult.h" linenumber="131" name="a_13" contextFuncName="wrapped_mmult_hw&lt;float, 32, 1024, 4, 5, 5&gt;" moduleName="HLS_accel" rtlName="a_13_U" latency="0" BRAM="-1" DSP="-1" FF="-1" LUT="-1" fileDirectory="C:\Users\alexivensky\ADDLabs\Lab5"><\/item>
<item  id="43" filename="vhls/mmult.h" linenumber="131" name="a_14" contextFuncName="wrapped_mmult_hw&lt;float, 32, 1024, 4, 5, 5&gt;" moduleName="HLS_accel" rtlName="a_14_U" latency="0" BRAM="-1" DSP="-1" FF="-1" LUT="-1" fileDirectory="C:\Users\alexivensky\ADDLabs\Lab5"><\/item>
<item  id="44" filename="vhls/mmult.h" linenumber="131" name="a_15" contextFuncName="wrapped_mmult_hw&lt;float, 32, 1024, 4, 5, 5&gt;" moduleName="HLS_accel" rtlName="a_15_U" latency="0" BRAM="-1" DSP="-1" FF="-1" LUT="-1" fileDirectory="C:\Users\alexivensky\ADDLabs\Lab5"><\/item>
<item  id="45" filename="vhls/mmult.h" linenumber="132" name="b_0" contextFuncName="wrapped_mmult_hw&lt;float, 32, 1024, 4, 5, 5&gt;" moduleName="HLS_accel" rtlName="b_0_U" latency="0" BRAM="-1" DSP="-1" FF="-1" LUT="-1" fileDirectory="C:\Users\alexivensky\ADDLabs\Lab5"><\/item>
<item  id="46" filename="vhls/mmult.h" linenumber="132" name="b_1" contextFuncName="wrapped_mmult_hw&lt;float, 32, 1024, 4, 5, 5&gt;" moduleName="HLS_accel" rtlName="b_1_U" latency="0" BRAM="-1" DSP="-1" FF="-1" LUT="-1" fileDirectory="C:\Users\alexivensky\ADDLabs\Lab5"><\/item>
<item  id="47" filename="vhls/mmult.h" linenumber="132" name="b_2" contextFuncName="wrapped_mmult_hw&lt;float, 32, 1024, 4, 5, 5&gt;" moduleName="HLS_accel" rtlName="b_2_U" latency="0" BRAM="-1" DSP="-1" FF="-1" LUT="-1" fileDirectory="C:\Users\alexivensky\ADDLabs\Lab5"><\/item>
<item  id="48" filename="vhls/mmult.h" linenumber="132" name="b_3" contextFuncName="wrapped_mmult_hw&lt;float, 32, 1024, 4, 5, 5&gt;" moduleName="HLS_accel" rtlName="b_3_U" latency="0" BRAM="-1" DSP="-1" FF="-1" LUT="-1" fileDirectory="C:\Users\alexivensky\ADDLabs\Lab5"><\/item>
<item  id="49" filename="vhls/mmult.h" linenumber="132" name="b_4" contextFuncName="wrapped_mmult_hw&lt;float, 32, 1024, 4, 5, 5&gt;" moduleName="HLS_accel" rtlName="b_4_U" latency="0" BRAM="-1" DSP="-1" FF="-1" LUT="-1" fileDirectory="C:\Users\alexivensky\ADDLabs\Lab5"><\/item>
<item  id="50" filename="vhls/mmult.h" linenumber="132" name="b_5" contextFuncName="wrapped_mmult_hw&lt;float, 32, 1024, 4, 5, 5&gt;" moduleName="HLS_accel" rtlName="b_5_U" latency="0" BRAM="-1" DSP="-1" FF="-1" LUT="-1" fileDirectory="C:\Users\alexivensky\ADDLabs\Lab5"><\/item>
<item  id="51" filename="vhls/mmult.h" linenumber="132" name="b_6" contextFuncName="wrapped_mmult_hw&lt;float, 32, 1024, 4, 5, 5&gt;" moduleName="HLS_accel" rtlName="b_6_U" latency="0" BRAM="-1" DSP="-1" FF="-1" LUT="-1" fileDirectory="C:\Users\alexivensky\ADDLabs\Lab5"><\/item>
<item  id="52" filename="vhls/mmult.h" linenumber="132" name="b_7" contextFuncName="wrapped_mmult_hw&lt;float, 32, 1024, 4, 5, 5&gt;" moduleName="HLS_accel" rtlName="b_7_U" latency="0" BRAM="-1" DSP="-1" FF="-1" LUT="-1" fileDirectory="C:\Users\alexivensky\ADDLabs\Lab5"><\/item>
<item  id="53" filename="vhls/mmult.h" linenumber="132" name="b_8" contextFuncName="wrapped_mmult_hw&lt;float, 32, 1024, 4, 5, 5&gt;" moduleName="HLS_accel" rtlName="b_8_U" latency="0" BRAM="-1" DSP="-1" FF="-1" LUT="-1" fileDirectory="C:\Users\alexivensky\ADDLabs\Lab5"><\/item>
<item  id="54" filename="vhls/mmult.h" linenumber="132" name="b_9" contextFuncName="wrapped_mmult_hw&lt;float, 32, 1024, 4, 5, 5&gt;" moduleName="HLS_accel" rtlName="b_9_U" latency="0" BRAM="-1" DSP="-1" FF="-1" LUT="-1" fileDirectory="C:\Users\alexivensky\ADDLabs\Lab5"><\/item>
<item  id="55" filename="vhls/mmult.h" linenumber="132" name="b_10" contextFuncName="wrapped_mmult_hw&lt;float, 32, 1024, 4, 5, 5&gt;" moduleName="HLS_accel" rtlName="b_10_U" latency="0" BRAM="-1" DSP="-1" FF="-1" LUT="-1" fileDirectory="C:\Users\alexivensky\ADDLabs\Lab5"><\/item>
<item  id="56" filename="vhls/mmult.h" linenumber="132" name="b_11" contextFuncName="wrapped_mmult_hw&lt;float, 32, 1024, 4, 5, 5&gt;" moduleName="HLS_accel" rtlName="b_11_U" latency="0" BRAM="-1" DSP="-1" FF="-1" LUT="-1" fileDirectory="C:\Users\alexivensky\ADDLabs\Lab5"><\/item>
<item  id="57" filename="vhls/mmult.h" linenumber="132" name="b_12" contextFuncName="wrapped_mmult_hw&lt;float, 32, 1024, 4, 5, 5&gt;" moduleName="HLS_accel" rtlName="b_12_U" latency="0" BRAM="-1" DSP="-1" FF="-1" LUT="-1" fileDirectory="C:\Users\alexivensky\ADDLabs\Lab5"><\/item>
<item  id="58" filename="vhls/mmult.h" linenumber="132" name="b_13" contextFuncName="wrapped_mmult_hw&lt;float, 32, 1024, 4, 5, 5&gt;" moduleName="HLS_accel" rtlName="b_13_U" latency="0" BRAM="-1" DSP="-1" FF="-1" LUT="-1" fileDirectory="C:\Users\alexivensky\ADDLabs\Lab5"><\/item>
<item  id="59" filename="vhls/mmult.h" linenumber="132" name="b_14" contextFuncName="wrapped_mmult_hw&lt;float, 32, 1024, 4, 5, 5&gt;" moduleName="HLS_accel" rtlName="b_14_U" latency="0" BRAM="-1" DSP="-1" FF="-1" LUT="-1" fileDirectory="C:\Users\alexivensky\ADDLabs\Lab5"><\/item>
<item  id="60" filename="vhls/mmult.h" linenumber="132" name="b_15" contextFuncName="wrapped_mmult_hw&lt;float, 32, 1024, 4, 5, 5&gt;" moduleName="HLS_accel" rtlName="b_15_U" latency="0" BRAM="-1" DSP="-1" FF="-1" LUT="-1" fileDirectory="C:\Users\alexivensky\ADDLabs\Lab5"><\/item>
<item  id="61" filename="vhls/mmult.h" linenumber="133" name="out" contextFuncName="wrapped_mmult_hw&lt;float, 32, 1024, 4, 5, 5&gt;" moduleName="HLS_accel" rtlName="out_U" latency="0" BRAM="-1" DSP="-1" FF="-1" LUT="-1" fileDirectory="C:\Users\alexivensky\ADDLabs\Lab5"><\/item>
<item  id="75" filename="vhls/mmult.h" linenumber="138" name="i" contextFuncName="wrapped_mmult_hw&lt;float, 32, 1024, 4, 5, 5&gt;" moduleName="HLS_accel" rtlName="i_fu_1708_p2" latency="0" BRAM="-1" DSP="-1" FF="0" LUT="15" fileDirectory="C:\Users\alexivensky\ADDLabs\Lab5"><\/item>
<item  id="76" filename="vhls/mmult.h" linenumber="139" name="exitcond4_i" contextFuncName="wrapped_mmult_hw&lt;float, 32, 1024, 4, 5, 5&gt;" moduleName="HLS_accel" rtlName="exitcond4_i_fu_1714_p2" latency="0" BRAM="-1" DSP="-1" FF="0" LUT="11" fileDirectory="C:\Users\alexivensky\ADDLabs\Lab5"><\/item>
<item  id="77" filename="vhls/mmult.h" linenumber="139" name="j_0_i_mid2" contextFuncName="wrapped_mmult_hw&lt;float, 32, 1024, 4, 5, 5&gt;" moduleName="HLS_accel" rtlName="j_0_i_mid2_fu_1720_p3" latency="0" BRAM="-1" DSP="-1" FF="0" LUT="6" fileDirectory="C:\Users\alexivensky\ADDLabs\Lab5"><\/item>
<item  id="78" filename="vhls/mmult.h" linenumber="143" name="tmp_1_mid2_v" contextFuncName="wrapped_mmult_hw&lt;float, 32, 1024, 4, 5, 5&gt;" moduleName="HLS_accel" rtlName="tmp_1_mid2_v_fu_1728_p3" latency="0" BRAM="-1" DSP="-1" FF="0" LUT="6" fileDirectory="C:\Users\alexivensky\ADDLabs\Lab5"><\/item>
<item  id="83" filename="vhls/mmult.h" linenumber="84" name="ret" contextFuncName="pop_stream&lt;float, 4, 5, 5&gt;" moduleName="HLS_accel" rtlName="ret_fu_1736_p1" latency="0" BRAM="-1" DSP="-1" FF="-1" LUT="-1" fileDirectory="C:\Users\alexivensky\ADDLabs\Lab5"><\/item>
<item  id="84" filename="vhls/mmult.h" linenumber="143" name="arrayNo_cast" contextFuncName="wrapped_mmult_hw&lt;float, 32, 1024, 4, 5, 5&gt;" moduleName="HLS_accel" rtlName="arrayNo_cast_fu_1756_p4" latency="0" BRAM="-1" DSP="-1" FF="-1" LUT="-1" fileDirectory="C:\Users\alexivensky\ADDLabs\Lab5"><\/item>
<item  id="85" filename="vhls/mmult.h" linenumber="143" name="tmp_6" contextFuncName="wrapped_mmult_hw&lt;float, 32, 1024, 4, 5, 5&gt;" moduleName="HLS_accel" rtlName="tmp_6_fu_1766_p1" latency="0" BRAM="-1" DSP="-1" FF="-1" LUT="-1" fileDirectory="C:\Users\alexivensky\ADDLabs\Lab5"><\/item>
<item  id="86" filename="vhls/mmult.h" linenumber="143" name="tmp" contextFuncName="wrapped_mmult_hw&lt;float, 32, 1024, 4, 5, 5&gt;" moduleName="HLS_accel" rtlName="tmp_fu_1770_p3" latency="0" BRAM="-1" DSP="-1" FF="-1" LUT="-1" fileDirectory="C:\Users\alexivensky\ADDLabs\Lab5"><\/item>
<item  id="87" filename="vhls/mmult.h" linenumber="143" name="tmp_1" contextFuncName="wrapped_mmult_hw&lt;float, 32, 1024, 4, 5, 5&gt;" moduleName="HLS_accel" rtlName="tmp_1_fu_1778_p1" latency="0" BRAM="-1" DSP="-1" FF="-1" LUT="-1" fileDirectory="C:\Users\alexivensky\ADDLabs\Lab5"><\/item>
<item  id="155" filename="vhls/mmult.h" linenumber="139" name="j" contextFuncName="wrapped_mmult_hw&lt;float, 32, 1024, 4, 5, 5&gt;" moduleName="HLS_accel" rtlName="j_fu_1798_p2" latency="0" BRAM="-1" DSP="-1" FF="0" LUT="15" fileDirectory="C:\Users\alexivensky\ADDLabs\Lab5"><\/item>
<item  id="167" filename="vhls/mmult.h" linenumber="148" name="i_1" contextFuncName="wrapped_mmult_hw&lt;float, 32, 1024, 4, 5, 5&gt;" moduleName="HLS_accel" rtlName="i_1_fu_1816_p2" latency="0" BRAM="-1" DSP="-1" FF="0" LUT="15" fileDirectory="C:\Users\alexivensky\ADDLabs\Lab5"><\/item>
<item  id="168" filename="vhls/mmult.h" linenumber="149" name="exitcond2_i" contextFuncName="wrapped_mmult_hw&lt;float, 32, 1024, 4, 5, 5&gt;" moduleName="HLS_accel" rtlName="exitcond2_i_fu_1822_p2" latency="0" BRAM="-1" DSP="-1" FF="0" LUT="11" fileDirectory="C:\Users\alexivensky\ADDLabs\Lab5"><\/item>
<item  id="169" filename="vhls/mmult.h" linenumber="149" name="j2_0_i_mid2" contextFuncName="wrapped_mmult_hw&lt;float, 32, 1024, 4, 5, 5&gt;" moduleName="HLS_accel" rtlName="j2_0_i_mid2_fu_1828_p3" latency="0" BRAM="-1" DSP="-1" FF="0" LUT="6" fileDirectory="C:\Users\alexivensky\ADDLabs\Lab5"><\/item>
<item  id="170" filename="vhls/mmult.h" linenumber="153" name="arrayNo1_cast_mid2_v" contextFuncName="wrapped_mmult_hw&lt;float, 32, 1024, 4, 5, 5&gt;" moduleName="HLS_accel" rtlName="arrayNo1_cast_mid2_v_fu_1836_p3" latency="0" BRAM="-1" DSP="-1" FF="0" LUT="6" fileDirectory="C:\Users\alexivensky\ADDLabs\Lab5"><\/item>
<item  id="171" filename="vhls/mmult.h" linenumber="153" name="arrayNo1_cast_mid2" contextFuncName="wrapped_mmult_hw&lt;float, 32, 1024, 4, 5, 5&gt;" moduleName="HLS_accel" rtlName="arrayNo1_cast_mid2_fu_1844_p4" latency="0" BRAM="-1" DSP="-1" FF="-1" LUT="-1" fileDirectory="C:\Users\alexivensky\ADDLabs\Lab5"><\/item>
<item  id="172" filename="vhls/mmult.h" linenumber="153" name="tmp_7" contextFuncName="wrapped_mmult_hw&lt;float, 32, 1024, 4, 5, 5&gt;" moduleName="HLS_accel" rtlName="tmp_7_fu_1854_p2" latency="0" BRAM="-1" DSP="-1" FF="-1" LUT="-1" fileDirectory="C:\Users\alexivensky\ADDLabs\Lab5"><\/item>
<item  id="173" filename="vhls/mmult.h" linenumber="150" name="tmp_9_cast" contextFuncName="wrapped_mmult_hw&lt;float, 32, 1024, 4, 5, 5&gt;" moduleName="HLS_accel" rtlName="tmp_9_cast_fu_1860_p1" latency="0" BRAM="-1" DSP="-1" FF="-1" LUT="-1" fileDirectory="C:\Users\alexivensky\ADDLabs\Lab5"><\/item>
<item  id="178" filename="vhls/mmult.h" linenumber="84" name="ret_1" contextFuncName="pop_stream&lt;float, 4, 5, 5&gt;" moduleName="HLS_accel" rtlName="ret_1_fu_1864_p1" latency="0" BRAM="-1" DSP="-1" FF="-1" LUT="-1" fileDirectory="C:\Users\alexivensky\ADDLabs\Lab5"><\/item>
<item  id="179" filename="vhls/mmult.h" linenumber="153" name="tmp_6_cast" contextFuncName="wrapped_mmult_hw&lt;float, 32, 1024, 4, 5, 5&gt;" moduleName="HLS_accel" rtlName="tmp_6_cast_fu_1884_p1" latency="0" BRAM="-1" DSP="-1" FF="-1" LUT="-1" fileDirectory="C:\Users\alexivensky\ADDLabs\Lab5"><\/item>
<item  id="180" filename="vhls/mmult.h" linenumber="153" name="tmp_8" contextFuncName="wrapped_mmult_hw&lt;float, 32, 1024, 4, 5, 5&gt;" moduleName="HLS_accel" rtlName="tmp_8_fu_1888_p2" latency="0" BRAM="-1" DSP="-1" FF="0" LUT="15" fileDirectory="C:\Users\alexivensky\ADDLabs\Lab5"><\/item>
<item  id="181" filename="vhls/mmult.h" linenumber="153" name="tmp_13_cast" contextFuncName="wrapped_mmult_hw&lt;float, 32, 1024, 4, 5, 5&gt;" moduleName="HLS_accel" rtlName="tmp_13_cast_fu_1894_p1" latency="0" BRAM="-1" DSP="-1" FF="-1" LUT="-1" fileDirectory="C:\Users\alexivensky\ADDLabs\Lab5"><\/item>
<item  id="249" filename="vhls/mmult.h" linenumber="149" name="j_1" contextFuncName="wrapped_mmult_hw&lt;float, 32, 1024, 4, 5, 5&gt;" moduleName="HLS_accel" rtlName="j_1_fu_1914_p2" latency="0" BRAM="-1" DSP="-1" FF="0" LUT="15" fileDirectory="C:\Users\alexivensky\ADDLabs\Lab5"><\/item>
<item  id="257" filename="vhls/mmult.h" linenumber="58" name="tmp_9" contextFuncName="mmult_hw&lt;float, 32&gt;" moduleName="HLS_accel" rtlName="tmp_9_fu_1920_p3" latency="0" BRAM="-1" DSP="-1" FF="-1" LUT="-1" fileDirectory="C:\Users\alexivensky\ADDLabs\Lab5"><\/item>
<item  id="258" filename="vhls/mmult.h" linenumber="58" name="tmp_12" contextFuncName="mmult_hw&lt;float, 32&gt;" moduleName="HLS_accel" rtlName="tmp_12_fu_1928_p2" latency="0" BRAM="-1" DSP="-1" FF="0" LUT="7" fileDirectory="C:\Users\alexivensky\ADDLabs\Lab5"><\/item>
<item  id="259" filename="vhls/mmult.h" linenumber="60" name="tmp_13" contextFuncName="mmult_hw&lt;float, 32&gt;" moduleName="HLS_accel" rtlName="tmp_13_fu_1934_p3" latency="0" BRAM="-1" DSP="-1" FF="-1" LUT="-1" fileDirectory="C:\Users\alexivensky\ADDLabs\Lab5"><\/item>
<item  id="264" filename="vhls/mmult.h" linenumber="55" name="i_2" contextFuncName="mmult_hw&lt;float, 32&gt;" moduleName="HLS_accel" rtlName="i_2_fu_1954_p2" latency="0" BRAM="-1" DSP="-1" FF="0" LUT="15" fileDirectory="C:\Users\alexivensky\ADDLabs\Lab5"><\/item>
<item  id="265" filename="vhls/mmult.h" linenumber="56" name="exitcond1_i_i" contextFuncName="mmult_hw&lt;float, 32&gt;" moduleName="HLS_accel" rtlName="exitcond1_i_i_fu_1960_p2" latency="0" BRAM="-1" DSP="-1" FF="0" LUT="11" fileDirectory="C:\Users\alexivensky\ADDLabs\Lab5"><\/item>
<item  id="266" filename="vhls/mmult.h" linenumber="56" name="j_0_i_i_mid2" contextFuncName="mmult_hw&lt;float, 32&gt;" moduleName="HLS_accel" rtlName="j_0_i_i_mid2_fu_1966_p3" latency="0" BRAM="-1" DSP="-1" FF="0" LUT="6" fileDirectory="C:\Users\alexivensky\ADDLabs\Lab5"><\/item>
<item  id="267" filename="vhls/mmult.h" linenumber="55" name="tmp_14" contextFuncName="mmult_hw&lt;float, 32&gt;" moduleName="HLS_accel" rtlName="tmp_14_fu_1974_p3" latency="0" BRAM="-1" DSP="-1" FF="-1" LUT="-1" fileDirectory="C:\Users\alexivensky\ADDLabs\Lab5"><\/item>
<item  id="268" filename="vhls/mmult.h" linenumber="55" name="tmp_15" contextFuncName="mmult_hw&lt;float, 32&gt;" moduleName="HLS_accel" rtlName="tmp_15_fu_1982_p2" latency="0" BRAM="-1" DSP="-1" FF="0" LUT="7" fileDirectory="C:\Users\alexivensky\ADDLabs\Lab5"><\/item>
<item  id="269" filename="vhls/mmult.h" linenumber="60" name="tmp_16" contextFuncName="mmult_hw&lt;float, 32&gt;" moduleName="HLS_accel" rtlName="tmp_16_fu_1988_p3" latency="0" BRAM="-1" DSP="-1" FF="-1" LUT="-1" fileDirectory="C:\Users\alexivensky\ADDLabs\Lab5"><\/item>
<item  id="270" filename="vhls/mmult.h" linenumber="58" name="p_v" contextFuncName="mmult_hw&lt;float, 32&gt;" moduleName="HLS_accel" rtlName="p_v_fu_1996_p3" latency="0" BRAM="-1" DSP="-1" FF="0" LUT="6" fileDirectory="C:\Users\alexivensky\ADDLabs\Lab5"><\/item>
<item  id="271" filename="vhls/mmult.h" linenumber="58" name="tmp_17" contextFuncName="mmult_hw&lt;float, 32&gt;" moduleName="HLS_accel" rtlName="tmp_17_fu_2050_p3" latency="0" BRAM="-1" DSP="-1" FF="-1" LUT="-1" fileDirectory="C:\Users\alexivensky\ADDLabs\Lab5"><\/item>
<item  id="272" filename="vhls/mmult.h" linenumber="60" name="tmp_23_cast" contextFuncName="mmult_hw&lt;float, 32&gt;" moduleName="HLS_accel" rtlName="tmp_23_cast_fu_2057_p1" latency="0" BRAM="-1" DSP="-1" FF="-1" LUT="-1" fileDirectory="C:\Users\alexivensky\ADDLabs\Lab5"><\/item>
<item  id="273" filename="vhls/mmult.h" linenumber="60" name="a_0_load_mid2_v" contextFuncName="mmult_hw&lt;float, 32&gt;" moduleName="HLS_accel" rtlName="a_0_load_mid2_v_fu_2004_p3" latency="0" BRAM="-1" DSP="-1" FF="0" LUT="7" fileDirectory="C:\Users\alexivensky\ADDLabs\Lab5"><\/item>
<item  id="274" filename="vhls/mmult.h" linenumber="60" name="a_0_load_mid2" contextFuncName="mmult_hw&lt;float, 32&gt;" moduleName="HLS_accel" rtlName="a_0_load_mid2_fu_2012_p1" latency="0" BRAM="-1" DSP="-1" FF="-1" LUT="-1" fileDirectory="C:\Users\alexivensky\ADDLabs\Lab5"><\/item>
<item  id="277" filename="vhls/mmult.h" linenumber="60" name="a_0_load_1_mid2" contextFuncName="mmult_hw&lt;float, 32&gt;" moduleName="HLS_accel" rtlName="a_0_load_1_mid2_fu_2017_p3" latency="0" BRAM="-1" DSP="-1" FF="0" LUT="64" fileDirectory="C:\Users\alexivensky\ADDLabs\Lab5"><\/item>
<item  id="342" filename="vhls/mmult.h" linenumber="58" name="tmp_4" contextFuncName="mmult_hw&lt;float, 32&gt;" moduleName="HLS_accel" rtlName="tmp_4_fu_2025_p1" latency="0" BRAM="-1" DSP="-1" FF="-1" LUT="-1" fileDirectory="C:\Users\alexivensky\ADDLabs\Lab5"><\/item>
<item  id="343" filename="vhls/mmult.h" linenumber="60" name="tmp_4_cast1" contextFuncName="mmult_hw&lt;float, 32&gt;" moduleName="HLS_accel" rtlName="tmp_4_cast1_fu_2061_p1" latency="0" BRAM="-1" DSP="-1" FF="-1" LUT="-1" fileDirectory="C:\Users\alexivensky\ADDLabs\Lab5"><\/item>
<item  id="344" filename="vhls/mmult.h" linenumber="60" name="tmp_4_cast" contextFuncName="mmult_hw&lt;float, 32&gt;" moduleName="HLS_accel" rtlName="tmp_4_cast_fu_2036_p1" latency="0" BRAM="-1" DSP="-1" FF="-1" LUT="-1" fileDirectory="C:\Users\alexivensky\ADDLabs\Lab5"><\/item>
<item  id="346" filename="vhls/mmult.h" linenumber="60" name="tmp_18" contextFuncName="mmult_hw&lt;float, 32&gt;" moduleName="HLS_accel" rtlName="tmp_18_fu_2039_p2" latency="0" BRAM="-1" DSP="-1" FF="0" LUT="15" fileDirectory="C:\Users\alexivensky\ADDLabs\Lab5"><\/item>
<item  id="347" filename="vhls/mmult.h" linenumber="60" name="tmp_24_cast" contextFuncName="mmult_hw&lt;float, 32&gt;" moduleName="HLS_accel" rtlName="tmp_24_cast_fu_2045_p1" latency="0" BRAM="-1" DSP="-1" FF="-1" LUT="-1" fileDirectory="C:\Users\alexivensky\ADDLabs\Lab5"><\/item>
<item  id="379" filename="vhls/mmult.h" linenumber="58" name="tmp_19" contextFuncName="mmult_hw&lt;float, 32&gt;" moduleName="HLS_accel" rtlName="tmp_19_fu_2064_p2" latency="0" BRAM="-1" DSP="-1" FF="0" LUT="12" fileDirectory="C:\Users\alexivensky\ADDLabs\Lab5"><\/item>
<item  id="380" filename="vhls/mmult.h" linenumber="58" name="tmp_25_cast" contextFuncName="mmult_hw&lt;float, 32&gt;" moduleName="HLS_accel" rtlName="tmp_25_cast_fu_2070_p1" latency="0" BRAM="-1" DSP="-1" FF="-1" LUT="-1" fileDirectory="C:\Users\alexivensky\ADDLabs\Lab5"><\/item>
<item  id="383" filename="vhls/mmult.h" linenumber="60" name="tmp_5" contextFuncName="mmult_hw&lt;float, 32&gt;" moduleName="HLS_accel" rtlName="HLS_accel_fmul_32cud_U33" latency="3" BRAM="-1" DSP="-1" FF="-1" LUT="-1" fileDirectory="C:\Users\alexivensky\ADDLabs\Lab5"><\/item>
<item  id="384" filename="vhls/mmult.h" linenumber="60" name="tmp_10" contextFuncName="mmult_hw&lt;float, 32&gt;" moduleName="HLS_accel" rtlName="HLS_accel_fadd_32bkb_U1" latency="4" BRAM="-1" DSP="-1" FF="-1" LUT="-1" fileDirectory="C:\Users\alexivensky\ADDLabs\Lab5"><\/item>
<item  id="386" filename="vhls/mmult.h" linenumber="60" name="tmp_16_1" contextFuncName="mmult_hw&lt;float, 32&gt;" moduleName="HLS_accel" rtlName="HLS_accel_fmul_32cud_U34" latency="3" BRAM="-1" DSP="-1" FF="-1" LUT="-1" fileDirectory="C:\Users\alexivensky\ADDLabs\Lab5"><\/item>
<item  id="387" filename="vhls/mmult.h" linenumber="60" name="tmp_17_1" contextFuncName="mmult_hw&lt;float, 32&gt;" moduleName="HLS_accel" rtlName="HLS_accel_fadd_32bkb_U2" latency="4" BRAM="-1" DSP="-1" FF="-1" LUT="-1" fileDirectory="C:\Users\alexivensky\ADDLabs\Lab5"><\/item>
<item  id="389" filename="vhls/mmult.h" linenumber="60" name="tmp_16_2" contextFuncName="mmult_hw&lt;float, 32&gt;" moduleName="HLS_accel" rtlName="HLS_accel_fmul_32cud_U35" latency="3" BRAM="-1" DSP="-1" FF="-1" LUT="-1" fileDirectory="C:\Users\alexivensky\ADDLabs\Lab5"><\/item>
<item  id="390" filename="vhls/mmult.h" linenumber="60" name="tmp_17_2" contextFuncName="mmult_hw&lt;float, 32&gt;" moduleName="HLS_accel" rtlName="HLS_accel_fadd_32bkb_U3" latency="4" BRAM="-1" DSP="-1" FF="-1" LUT="-1" fileDirectory="C:\Users\alexivensky\ADDLabs\Lab5"><\/item>
<item  id="392" filename="vhls/mmult.h" linenumber="60" name="tmp_16_3" contextFuncName="mmult_hw&lt;float, 32&gt;" moduleName="HLS_accel" rtlName="HLS_accel_fmul_32cud_U36" latency="3" BRAM="-1" DSP="-1" FF="-1" LUT="-1" fileDirectory="C:\Users\alexivensky\ADDLabs\Lab5"><\/item>
<item  id="393" filename="vhls/mmult.h" linenumber="60" name="tmp_17_3" contextFuncName="mmult_hw&lt;float, 32&gt;" moduleName="HLS_accel" rtlName="HLS_accel_fadd_32bkb_U4" latency="4" BRAM="-1" DSP="-1" FF="-1" LUT="-1" fileDirectory="C:\Users\alexivensky\ADDLabs\Lab5"><\/item>
<item  id="395" filename="vhls/mmult.h" linenumber="60" name="tmp_16_4" contextFuncName="mmult_hw&lt;float, 32&gt;" moduleName="HLS_accel" rtlName="HLS_accel_fmul_32cud_U37" latency="3" BRAM="-1" DSP="-1" FF="-1" LUT="-1" fileDirectory="C:\Users\alexivensky\ADDLabs\Lab5"><\/item>
<item  id="396" filename="vhls/mmult.h" linenumber="60" name="tmp_17_4" contextFuncName="mmult_hw&lt;float, 32&gt;" moduleName="HLS_accel" rtlName="HLS_accel_fadd_32bkb_U5" latency="4" BRAM="-1" DSP="-1" FF="-1" LUT="-1" fileDirectory="C:\Users\alexivensky\ADDLabs\Lab5"><\/item>
<item  id="398" filename="vhls/mmult.h" linenumber="60" name="tmp_16_5" contextFuncName="mmult_hw&lt;float, 32&gt;" moduleName="HLS_accel" rtlName="HLS_accel_fmul_32cud_U38" latency="3" BRAM="-1" DSP="-1" FF="-1" LUT="-1" fileDirectory="C:\Users\alexivensky\ADDLabs\Lab5"><\/item>
<item  id="399" filename="vhls/mmult.h" linenumber="60" name="tmp_17_5" contextFuncName="mmult_hw&lt;float, 32&gt;" moduleName="HLS_accel" rtlName="HLS_accel_fadd_32bkb_U6" latency="4" BRAM="-1" DSP="-1" FF="-1" LUT="-1" fileDirectory="C:\Users\alexivensky\ADDLabs\Lab5"><\/item>
<item  id="401" filename="vhls/mmult.h" linenumber="60" name="tmp_16_6" contextFuncName="mmult_hw&lt;float, 32&gt;" moduleName="HLS_accel" rtlName="HLS_accel_fmul_32cud_U39" latency="3" BRAM="-1" DSP="-1" FF="-1" LUT="-1" fileDirectory="C:\Users\alexivensky\ADDLabs\Lab5"><\/item>
<item  id="402" filename="vhls/mmult.h" linenumber="60" name="tmp_17_6" contextFuncName="mmult_hw&lt;float, 32&gt;" moduleName="HLS_accel" rtlName="HLS_accel_fadd_32bkb_U7" latency="4" BRAM="-1" DSP="-1" FF="-1" LUT="-1" fileDirectory="C:\Users\alexivensky\ADDLabs\Lab5"><\/item>
<item  id="404" filename="vhls/mmult.h" linenumber="60" name="tmp_16_7" contextFuncName="mmult_hw&lt;float, 32&gt;" moduleName="HLS_accel" rtlName="HLS_accel_fmul_32cud_U40" latency="3" BRAM="-1" DSP="-1" FF="-1" LUT="-1" fileDirectory="C:\Users\alexivensky\ADDLabs\Lab5"><\/item>
<item  id="405" filename="vhls/mmult.h" linenumber="60" name="tmp_17_7" contextFuncName="mmult_hw&lt;float, 32&gt;" moduleName="HLS_accel" rtlName="HLS_accel_fadd_32bkb_U8" latency="4" BRAM="-1" DSP="-1" FF="-1" LUT="-1" fileDirectory="C:\Users\alexivensky\ADDLabs\Lab5"><\/item>
<item  id="407" filename="vhls/mmult.h" linenumber="60" name="tmp_16_8" contextFuncName="mmult_hw&lt;float, 32&gt;" moduleName="HLS_accel" rtlName="HLS_accel_fmul_32cud_U41" latency="3" BRAM="-1" DSP="-1" FF="-1" LUT="-1" fileDirectory="C:\Users\alexivensky\ADDLabs\Lab5"><\/item>
<item  id="408" filename="vhls/mmult.h" linenumber="60" name="tmp_17_8" contextFuncName="mmult_hw&lt;float, 32&gt;" moduleName="HLS_accel" rtlName="HLS_accel_fadd_32bkb_U9" latency="4" BRAM="-1" DSP="-1" FF="-1" LUT="-1" fileDirectory="C:\Users\alexivensky\ADDLabs\Lab5"><\/item>
<item  id="410" filename="vhls/mmult.h" linenumber="60" name="tmp_16_9" contextFuncName="mmult_hw&lt;float, 32&gt;" moduleName="HLS_accel" rtlName="HLS_accel_fmul_32cud_U42" latency="3" BRAM="-1" DSP="-1" FF="-1" LUT="-1" fileDirectory="C:\Users\alexivensky\ADDLabs\Lab5"><\/item>
<item  id="411" filename="vhls/mmult.h" linenumber="60" name="tmp_17_9" contextFuncName="mmult_hw&lt;float, 32&gt;" moduleName="HLS_accel" rtlName="HLS_accel_fadd_32bkb_U10" latency="4" BRAM="-1" DSP="-1" FF="-1" LUT="-1" fileDirectory="C:\Users\alexivensky\ADDLabs\Lab5"><\/item>
<item  id="413" filename="vhls/mmult.h" linenumber="60" name="tmp_16_s" contextFuncName="mmult_hw&lt;float, 32&gt;" moduleName="HLS_accel" rtlName="HLS_accel_fmul_32cud_U43" latency="3" BRAM="-1" DSP="-1" FF="-1" LUT="-1" fileDirectory="C:\Users\alexivensky\ADDLabs\Lab5"><\/item>
<item  id="414" filename="vhls/mmult.h" linenumber="60" name="tmp_17_s" contextFuncName="mmult_hw&lt;float, 32&gt;" moduleName="HLS_accel" rtlName="HLS_accel_fadd_32bkb_U11" latency="4" BRAM="-1" DSP="-1" FF="-1" LUT="-1" fileDirectory="C:\Users\alexivensky\ADDLabs\Lab5"><\/item>
<item  id="416" filename="vhls/mmult.h" linenumber="60" name="tmp_16_10" contextFuncName="mmult_hw&lt;float, 32&gt;" moduleName="HLS_accel" rtlName="HLS_accel_fmul_32cud_U44" latency="3" BRAM="-1" DSP="-1" FF="-1" LUT="-1" fileDirectory="C:\Users\alexivensky\ADDLabs\Lab5"><\/item>
<item  id="417" filename="vhls/mmult.h" linenumber="60" name="tmp_17_10" contextFuncName="mmult_hw&lt;float, 32&gt;" moduleName="HLS_accel" rtlName="HLS_accel_fadd_32bkb_U12" latency="4" BRAM="-1" DSP="-1" FF="-1" LUT="-1" fileDirectory="C:\Users\alexivensky\ADDLabs\Lab5"><\/item>
<item  id="419" filename="vhls/mmult.h" linenumber="60" name="tmp_16_11" contextFuncName="mmult_hw&lt;float, 32&gt;" moduleName="HLS_accel" rtlName="HLS_accel_fmul_32cud_U45" latency="3" BRAM="-1" DSP="-1" FF="-1" LUT="-1" fileDirectory="C:\Users\alexivensky\ADDLabs\Lab5"><\/item>
<item  id="420" filename="vhls/mmult.h" linenumber="60" name="tmp_17_11" contextFuncName="mmult_hw&lt;float, 32&gt;" moduleName="HLS_accel" rtlName="HLS_accel_fadd_32bkb_U13" latency="4" BRAM="-1" DSP="-1" FF="-1" LUT="-1" fileDirectory="C:\Users\alexivensky\ADDLabs\Lab5"><\/item>
<item  id="422" filename="vhls/mmult.h" linenumber="60" name="tmp_16_12" contextFuncName="mmult_hw&lt;float, 32&gt;" moduleName="HLS_accel" rtlName="HLS_accel_fmul_32cud_U46" latency="3" BRAM="-1" DSP="-1" FF="-1" LUT="-1" fileDirectory="C:\Users\alexivensky\ADDLabs\Lab5"><\/item>
<item  id="423" filename="vhls/mmult.h" linenumber="60" name="tmp_17_12" contextFuncName="mmult_hw&lt;float, 32&gt;" moduleName="HLS_accel" rtlName="HLS_accel_fadd_32bkb_U14" latency="4" BRAM="-1" DSP="-1" FF="-1" LUT="-1" fileDirectory="C:\Users\alexivensky\ADDLabs\Lab5"><\/item>
<item  id="425" filename="vhls/mmult.h" linenumber="60" name="tmp_16_13" contextFuncName="mmult_hw&lt;float, 32&gt;" moduleName="HLS_accel" rtlName="HLS_accel_fmul_32cud_U47" latency="3" BRAM="-1" DSP="-1" FF="-1" LUT="-1" fileDirectory="C:\Users\alexivensky\ADDLabs\Lab5"><\/item>
<item  id="426" filename="vhls/mmult.h" linenumber="60" name="tmp_17_13" contextFuncName="mmult_hw&lt;float, 32&gt;" moduleName="HLS_accel" rtlName="HLS_accel_fadd_32bkb_U15" latency="4" BRAM="-1" DSP="-1" FF="-1" LUT="-1" fileDirectory="C:\Users\alexivensky\ADDLabs\Lab5"><\/item>
<item  id="428" filename="vhls/mmult.h" linenumber="60" name="tmp_16_14" contextFuncName="mmult_hw&lt;float, 32&gt;" moduleName="HLS_accel" rtlName="HLS_accel_fmul_32cud_U48" latency="3" BRAM="-1" DSP="-1" FF="-1" LUT="-1" fileDirectory="C:\Users\alexivensky\ADDLabs\Lab5"><\/item>
<item  id="429" filename="vhls/mmult.h" linenumber="60" name="tmp_17_14" contextFuncName="mmult_hw&lt;float, 32&gt;" moduleName="HLS_accel" rtlName="HLS_accel_fadd_32bkb_U16" latency="4" BRAM="-1" DSP="-1" FF="-1" LUT="-1" fileDirectory="C:\Users\alexivensky\ADDLabs\Lab5"><\/item>
<item  id="431" filename="vhls/mmult.h" linenumber="60" name="tmp_16_15" contextFuncName="mmult_hw&lt;float, 32&gt;" moduleName="HLS_accel" rtlName="HLS_accel_fmul_32cud_U49" latency="3" BRAM="-1" DSP="-1" FF="-1" LUT="-1" fileDirectory="C:\Users\alexivensky\ADDLabs\Lab5"><\/item>
<item  id="432" filename="vhls/mmult.h" linenumber="60" name="tmp_17_15" contextFuncName="mmult_hw&lt;float, 32&gt;" moduleName="HLS_accel" rtlName="HLS_accel_fadd_32bkb_U17" latency="4" BRAM="-1" DSP="-1" FF="-1" LUT="-1" fileDirectory="C:\Users\alexivensky\ADDLabs\Lab5"><\/item>
<item  id="434" filename="vhls/mmult.h" linenumber="60" name="tmp_16_16" contextFuncName="mmult_hw&lt;float, 32&gt;" moduleName="HLS_accel" rtlName="HLS_accel_fmul_32cud_U50" latency="3" BRAM="-1" DSP="-1" FF="-1" LUT="-1" fileDirectory="C:\Users\alexivensky\ADDLabs\Lab5"><\/item>
<item  id="435" filename="vhls/mmult.h" linenumber="60" name="tmp_17_16" contextFuncName="mmult_hw&lt;float, 32&gt;" moduleName="HLS_accel" rtlName="HLS_accel_fadd_32bkb_U18" latency="4" BRAM="-1" DSP="-1" FF="-1" LUT="-1" fileDirectory="C:\Users\alexivensky\ADDLabs\Lab5"><\/item>
<item  id="437" filename="vhls/mmult.h" linenumber="60" name="tmp_16_17" contextFuncName="mmult_hw&lt;float, 32&gt;" moduleName="HLS_accel" rtlName="HLS_accel_fmul_32cud_U51" latency="3" BRAM="-1" DSP="-1" FF="-1" LUT="-1" fileDirectory="C:\Users\alexivensky\ADDLabs\Lab5"><\/item>
<item  id="438" filename="vhls/mmult.h" linenumber="60" name="tmp_17_17" contextFuncName="mmult_hw&lt;float, 32&gt;" moduleName="HLS_accel" rtlName="HLS_accel_fadd_32bkb_U19" latency="4" BRAM="-1" DSP="-1" FF="-1" LUT="-1" fileDirectory="C:\Users\alexivensky\ADDLabs\Lab5"><\/item>
<item  id="440" filename="vhls/mmult.h" linenumber="60" name="tmp_16_18" contextFuncName="mmult_hw&lt;float, 32&gt;" moduleName="HLS_accel" rtlName="HLS_accel_fmul_32cud_U52" latency="3" BRAM="-1" DSP="-1" FF="-1" LUT="-1" fileDirectory="C:\Users\alexivensky\ADDLabs\Lab5"><\/item>
<item  id="441" filename="vhls/mmult.h" linenumber="60" name="tmp_17_18" contextFuncName="mmult_hw&lt;float, 32&gt;" moduleName="HLS_accel" rtlName="HLS_accel_fadd_32bkb_U20" latency="4" BRAM="-1" DSP="-1" FF="-1" LUT="-1" fileDirectory="C:\Users\alexivensky\ADDLabs\Lab5"><\/item>
<item  id="443" filename="vhls/mmult.h" linenumber="60" name="tmp_16_19" contextFuncName="mmult_hw&lt;float, 32&gt;" moduleName="HLS_accel" rtlName="HLS_accel_fmul_32cud_U53" latency="3" BRAM="-1" DSP="-1" FF="-1" LUT="-1" fileDirectory="C:\Users\alexivensky\ADDLabs\Lab5"><\/item>
<item  id="444" filename="vhls/mmult.h" linenumber="60" name="tmp_17_19" contextFuncName="mmult_hw&lt;float, 32&gt;" moduleName="HLS_accel" rtlName="HLS_accel_fadd_32bkb_U21" latency="4" BRAM="-1" DSP="-1" FF="-1" LUT="-1" fileDirectory="C:\Users\alexivensky\ADDLabs\Lab5"><\/item>
<item  id="446" filename="vhls/mmult.h" linenumber="60" name="tmp_16_20" contextFuncName="mmult_hw&lt;float, 32&gt;" moduleName="HLS_accel" rtlName="HLS_accel_fmul_32cud_U54" latency="3" BRAM="-1" DSP="-1" FF="-1" LUT="-1" fileDirectory="C:\Users\alexivensky\ADDLabs\Lab5"><\/item>
<item  id="447" filename="vhls/mmult.h" linenumber="60" name="tmp_17_20" contextFuncName="mmult_hw&lt;float, 32&gt;" moduleName="HLS_accel" rtlName="HLS_accel_fadd_32bkb_U22" latency="4" BRAM="-1" DSP="-1" FF="-1" LUT="-1" fileDirectory="C:\Users\alexivensky\ADDLabs\Lab5"><\/item>
<item  id="449" filename="vhls/mmult.h" linenumber="60" name="tmp_16_21" contextFuncName="mmult_hw&lt;float, 32&gt;" moduleName="HLS_accel" rtlName="HLS_accel_fmul_32cud_U55" latency="3" BRAM="-1" DSP="-1" FF="-1" LUT="-1" fileDirectory="C:\Users\alexivensky\ADDLabs\Lab5"><\/item>
<item  id="450" filename="vhls/mmult.h" linenumber="60" name="tmp_17_21" contextFuncName="mmult_hw&lt;float, 32&gt;" moduleName="HLS_accel" rtlName="HLS_accel_fadd_32bkb_U23" latency="4" BRAM="-1" DSP="-1" FF="-1" LUT="-1" fileDirectory="C:\Users\alexivensky\ADDLabs\Lab5"><\/item>
<item  id="452" filename="vhls/mmult.h" linenumber="60" name="tmp_16_22" contextFuncName="mmult_hw&lt;float, 32&gt;" moduleName="HLS_accel" rtlName="HLS_accel_fmul_32cud_U56" latency="3" BRAM="-1" DSP="-1" FF="-1" LUT="-1" fileDirectory="C:\Users\alexivensky\ADDLabs\Lab5"><\/item>
<item  id="453" filename="vhls/mmult.h" linenumber="60" name="tmp_17_22" contextFuncName="mmult_hw&lt;float, 32&gt;" moduleName="HLS_accel" rtlName="HLS_accel_fadd_32bkb_U24" latency="4" BRAM="-1" DSP="-1" FF="-1" LUT="-1" fileDirectory="C:\Users\alexivensky\ADDLabs\Lab5"><\/item>
<item  id="455" filename="vhls/mmult.h" linenumber="60" name="tmp_16_23" contextFuncName="mmult_hw&lt;float, 32&gt;" moduleName="HLS_accel" rtlName="HLS_accel_fmul_32cud_U57" latency="3" BRAM="-1" DSP="-1" FF="-1" LUT="-1" fileDirectory="C:\Users\alexivensky\ADDLabs\Lab5"><\/item>
<item  id="456" filename="vhls/mmult.h" linenumber="60" name="tmp_17_23" contextFuncName="mmult_hw&lt;float, 32&gt;" moduleName="HLS_accel" rtlName="HLS_accel_fadd_32bkb_U25" latency="4" BRAM="-1" DSP="-1" FF="-1" LUT="-1" fileDirectory="C:\Users\alexivensky\ADDLabs\Lab5"><\/item>
<item  id="458" filename="vhls/mmult.h" linenumber="60" name="tmp_16_24" contextFuncName="mmult_hw&lt;float, 32&gt;" moduleName="HLS_accel" rtlName="HLS_accel_fmul_32cud_U58" latency="3" BRAM="-1" DSP="-1" FF="-1" LUT="-1" fileDirectory="C:\Users\alexivensky\ADDLabs\Lab5"><\/item>
<item  id="459" filename="vhls/mmult.h" linenumber="60" name="tmp_17_24" contextFuncName="mmult_hw&lt;float, 32&gt;" moduleName="HLS_accel" rtlName="HLS_accel_fadd_32bkb_U26" latency="4" BRAM="-1" DSP="-1" FF="-1" LUT="-1" fileDirectory="C:\Users\alexivensky\ADDLabs\Lab5"><\/item>
<item  id="461" filename="vhls/mmult.h" linenumber="60" name="tmp_16_25" contextFuncName="mmult_hw&lt;float, 32&gt;" moduleName="HLS_accel" rtlName="HLS_accel_fmul_32cud_U59" latency="3" BRAM="-1" DSP="-1" FF="-1" LUT="-1" fileDirectory="C:\Users\alexivensky\ADDLabs\Lab5"><\/item>
<item  id="462" filename="vhls/mmult.h" linenumber="60" name="tmp_17_25" contextFuncName="mmult_hw&lt;float, 32&gt;" moduleName="HLS_accel" rtlName="HLS_accel_fadd_32bkb_U27" latency="4" BRAM="-1" DSP="-1" FF="-1" LUT="-1" fileDirectory="C:\Users\alexivensky\ADDLabs\Lab5"><\/item>
<item  id="464" filename="vhls/mmult.h" linenumber="60" name="tmp_16_26" contextFuncName="mmult_hw&lt;float, 32&gt;" moduleName="HLS_accel" rtlName="HLS_accel_fmul_32cud_U60" latency="3" BRAM="-1" DSP="-1" FF="-1" LUT="-1" fileDirectory="C:\Users\alexivensky\ADDLabs\Lab5"><\/item>
<item  id="465" filename="vhls/mmult.h" linenumber="60" name="tmp_17_26" contextFuncName="mmult_hw&lt;float, 32&gt;" moduleName="HLS_accel" rtlName="HLS_accel_fadd_32bkb_U28" latency="4" BRAM="-1" DSP="-1" FF="-1" LUT="-1" fileDirectory="C:\Users\alexivensky\ADDLabs\Lab5"><\/item>
<item  id="467" filename="vhls/mmult.h" linenumber="60" name="tmp_16_27" contextFuncName="mmult_hw&lt;float, 32&gt;" moduleName="HLS_accel" rtlName="HLS_accel_fmul_32cud_U61" latency="3" BRAM="-1" DSP="-1" FF="-1" LUT="-1" fileDirectory="C:\Users\alexivensky\ADDLabs\Lab5"><\/item>
<item  id="468" filename="vhls/mmult.h" linenumber="60" name="tmp_17_27" contextFuncName="mmult_hw&lt;float, 32&gt;" moduleName="HLS_accel" rtlName="HLS_accel_fadd_32bkb_U29" latency="4" BRAM="-1" DSP="-1" FF="-1" LUT="-1" fileDirectory="C:\Users\alexivensky\ADDLabs\Lab5"><\/item>
<item  id="470" filename="vhls/mmult.h" linenumber="60" name="tmp_16_28" contextFuncName="mmult_hw&lt;float, 32&gt;" moduleName="HLS_accel" rtlName="HLS_accel_fmul_32cud_U62" latency="3" BRAM="-1" DSP="-1" FF="-1" LUT="-1" fileDirectory="C:\Users\alexivensky\ADDLabs\Lab5"><\/item>
<item  id="471" filename="vhls/mmult.h" linenumber="60" name="tmp_17_28" contextFuncName="mmult_hw&lt;float, 32&gt;" moduleName="HLS_accel" rtlName="HLS_accel_fadd_32bkb_U30" latency="4" BRAM="-1" DSP="-1" FF="-1" LUT="-1" fileDirectory="C:\Users\alexivensky\ADDLabs\Lab5"><\/item>
<item  id="473" filename="vhls/mmult.h" linenumber="60" name="tmp_16_29" contextFuncName="mmult_hw&lt;float, 32&gt;" moduleName="HLS_accel" rtlName="HLS_accel_fmul_32cud_U63" latency="3" BRAM="-1" DSP="-1" FF="-1" LUT="-1" fileDirectory="C:\Users\alexivensky\ADDLabs\Lab5"><\/item>
<item  id="474" filename="vhls/mmult.h" linenumber="60" name="tmp_17_29" contextFuncName="mmult_hw&lt;float, 32&gt;" moduleName="HLS_accel" rtlName="HLS_accel_fadd_32bkb_U31" latency="4" BRAM="-1" DSP="-1" FF="-1" LUT="-1" fileDirectory="C:\Users\alexivensky\ADDLabs\Lab5"><\/item>
<item  id="476" filename="vhls/mmult.h" linenumber="60" name="tmp_16_30" contextFuncName="mmult_hw&lt;float, 32&gt;" moduleName="HLS_accel" rtlName="HLS_accel_fmul_32cud_U64" latency="3" BRAM="-1" DSP="-1" FF="-1" LUT="-1" fileDirectory="C:\Users\alexivensky\ADDLabs\Lab5"><\/item>
<item  id="477" filename="vhls/mmult.h" linenumber="60" name="tmp_17_30" contextFuncName="mmult_hw&lt;float, 32&gt;" moduleName="HLS_accel" rtlName="HLS_accel_fadd_32bkb_U32" latency="4" BRAM="-1" DSP="-1" FF="-1" LUT="-1" fileDirectory="C:\Users\alexivensky\ADDLabs\Lab5"><\/item>
<item  id="480" filename="vhls/mmult.h" linenumber="56" name="j_3" contextFuncName="mmult_hw&lt;float, 32&gt;" moduleName="HLS_accel" rtlName="j_3_fu_2030_p2" latency="0" BRAM="-1" DSP="-1" FF="0" LUT="15" fileDirectory="C:\Users\alexivensky\ADDLabs\Lab5"><\/item>
<item  id="492" filename="vhls/mmult.h" linenumber="160" name="i_3" contextFuncName="wrapped_mmult_hw&lt;float, 32, 1024, 4, 5, 5&gt;" moduleName="HLS_accel" rtlName="i_3_fu_2087_p2" latency="0" BRAM="-1" DSP="-1" FF="0" LUT="15" fileDirectory="C:\Users\alexivensky\ADDLabs\Lab5"><\/item>
<item  id="493" filename="vhls/mmult.h" linenumber="161" name="exitcond_i" contextFuncName="wrapped_mmult_hw&lt;float, 32, 1024, 4, 5, 5&gt;" moduleName="HLS_accel" rtlName="exitcond_i_fu_2093_p2" latency="0" BRAM="-1" DSP="-1" FF="0" LUT="11" fileDirectory="C:\Users\alexivensky\ADDLabs\Lab5"><\/item>
<item  id="494" filename="vhls/mmult.h" linenumber="161" name="j5_0_i_mid2" contextFuncName="wrapped_mmult_hw&lt;float, 32, 1024, 4, 5, 5&gt;" moduleName="HLS_accel" rtlName="j5_0_i_mid2_fu_2099_p3" latency="0" BRAM="-1" DSP="-1" FF="0" LUT="6" fileDirectory="C:\Users\alexivensky\ADDLabs\Lab5"><\/item>
<item  id="495" filename="vhls/mmult.h" linenumber="164" name="tmp_8_mid2_v_v" contextFuncName="wrapped_mmult_hw&lt;float, 32, 1024, 4, 5, 5&gt;" moduleName="HLS_accel" rtlName="tmp_8_mid2_v_v_fu_2107_p3" latency="0" BRAM="-1" DSP="-1" FF="0" LUT="6" fileDirectory="C:\Users\alexivensky\ADDLabs\Lab5"><\/item>
<item  id="496" filename="vhls/mmult.h" linenumber="164" name="tmp_20" contextFuncName="wrapped_mmult_hw&lt;float, 32, 1024, 4, 5, 5&gt;" moduleName="HLS_accel" rtlName="tmp_20_fu_2115_p1" latency="0" BRAM="-1" DSP="-1" FF="-1" LUT="-1" fileDirectory="C:\Users\alexivensky\ADDLabs\Lab5"><\/item>
<item  id="497" filename="vhls/mmult.h" linenumber="164" name="tmp_8_mid2" contextFuncName="wrapped_mmult_hw&lt;float, 32, 1024, 4, 5, 5&gt;" moduleName="HLS_accel" rtlName="tmp_8_mid2_fu_2119_p3" latency="0" BRAM="-1" DSP="-1" FF="-1" LUT="-1" fileDirectory="C:\Users\alexivensky\ADDLabs\Lab5"><\/item>
<item  id="498" filename="vhls/mmult.h" linenumber="164" name="tmp_21" contextFuncName="wrapped_mmult_hw&lt;float, 32, 1024, 4, 5, 5&gt;" moduleName="HLS_accel" rtlName="tmp_21_fu_2127_p3" latency="0" BRAM="-1" DSP="-1" FF="-1" LUT="-1" fileDirectory="C:\Users\alexivensky\ADDLabs\Lab5"><\/item>
<item  id="499" filename="vhls/mmult.h" linenumber="161" name="tmp_28_cast" contextFuncName="wrapped_mmult_hw&lt;float, 32, 1024, 4, 5, 5&gt;" moduleName="HLS_accel" rtlName="tmp_28_cast_fu_2135_p1" latency="0" BRAM="-1" DSP="-1" FF="-1" LUT="-1" fileDirectory="C:\Users\alexivensky\ADDLabs\Lab5"><\/item>
<item  id="500" filename="vhls/mmult.h" linenumber="161" name="j5_0_i_cast2" contextFuncName="wrapped_mmult_hw&lt;float, 32, 1024, 4, 5, 5&gt;" moduleName="HLS_accel" rtlName="j5_0_i_cast2_fu_2139_p1" latency="0" BRAM="-1" DSP="-1" FF="-1" LUT="-1" fileDirectory="C:\Users\alexivensky\ADDLabs\Lab5"><\/item>
<item  id="503" filename="vhls/mmult.h" linenumber="164" name="k" contextFuncName="wrapped_mmult_hw&lt;float, 32, 1024, 4, 5, 5&gt;" moduleName="HLS_accel" rtlName="k_fu_2143_p2" latency="0" BRAM="-1" DSP="-1" FF="0" LUT="14" fileDirectory="C:\Users\alexivensky\ADDLabs\Lab5"><\/item>
<item  id="504" filename="vhls/mmult.h" linenumber="165" name="tmp_12_cast" contextFuncName="wrapped_mmult_hw&lt;float, 32, 1024, 4, 5, 5&gt;" moduleName="HLS_accel" rtlName="tmp_12_cast_fu_2149_p1" latency="0" BRAM="-1" DSP="-1" FF="-1" LUT="-1" fileDirectory="C:\Users\alexivensky\ADDLabs\Lab5"><\/item>
<item  id="505" filename="vhls/mmult.h" linenumber="165" name="tmp_22" contextFuncName="wrapped_mmult_hw&lt;float, 32, 1024, 4, 5, 5&gt;" moduleName="HLS_accel" rtlName="tmp_22_fu_2153_p2" latency="0" BRAM="-1" DSP="-1" FF="0" LUT="12" fileDirectory="C:\Users\alexivensky\ADDLabs\Lab5"><\/item>
<item  id="506" filename="vhls/mmult.h" linenumber="165" name="tmp_29_cast" contextFuncName="wrapped_mmult_hw&lt;float, 32, 1024, 4, 5, 5&gt;" moduleName="HLS_accel" rtlName="tmp_29_cast_fu_2159_p1" latency="0" BRAM="-1" DSP="-1" FF="-1" LUT="-1" fileDirectory="C:\Users\alexivensky\ADDLabs\Lab5"><\/item>
<item  id="508" filename="vhls/mmult.h" linenumber="165" name="last_assign" contextFuncName="wrapped_mmult_hw&lt;float, 32, 1024, 4, 5, 5&gt;" moduleName="HLS_accel" rtlName="last_assign_fu_2164_p2" latency="0" BRAM="-1" DSP="-1" FF="0" LUT="13" fileDirectory="C:\Users\alexivensky\ADDLabs\Lab5"><\/item>
<item  id="510" filename="vhls/mmult.h" linenumber="107" name="val_assign" contextFuncName="push_stream&lt;float, 4, 5, 5&gt;" moduleName="HLS_accel" rtlName="val_assign_fu_2176_p1" latency="0" BRAM="-1" DSP="-1" FF="-1" LUT="-1" fileDirectory="C:\Users\alexivensky\ADDLabs\Lab5"><\/item>
<item  id="513" filename="vhls/mmult.h" linenumber="161" name="j_2" contextFuncName="wrapped_mmult_hw&lt;float, 32, 1024, 4, 5, 5&gt;" moduleName="HLS_accel" rtlName="j_2_fu_2170_p2" latency="0" BRAM="-1" DSP="-1" FF="0" LUT="15" fileDirectory="C:\Users\alexivensky\ADDLabs\Lab5"><\/item>
<\/annotationInfo>
</annotationInfo>
