<profile>

<section name = "Vivado HLS Report for 'HLS_accel'" level="0">
<item name = "Date">Sat Mar 30 19:50:50 2024
</item>
<item name = "Version">2018.3 (Build 2405991 on Thu Dec 06 23:56:15 MST 2018)</item>
<item name = "Project">Lab5</item>
<item name = "Solution">solution1</item>
<item name = "Product family">zynq</item>
<item name = "Target device">xc7z020clg400-1</item>
</section>

<section name = "Performance Estimates" level="0">
<item name = "Timing (ns)">
<section name = "" level="1">
<item name = "Summary"><table name="" hasTotal="0">
<keys size="4">Clock, Target, Estimated, Uncertainty</keys>
<column name="ap_clk">10.00, 8.092, 1.25</column>
</table>
</item>
</section>
</item>
<item name = "Latency (clock cycles)">
<section name = "" level="1">
<item name = "Summary"><table name="" hasTotal="0">
<keys size="6">, min, max, min, max, Type</keys>
<column name="">4270, 4270, 4270, 4270, none</column>
</table>
</item>
<item name = "Detail">
<section name = "" level="1">
<item name = "Instance"><table name="" hasTotal="0">
<keys size="7">Instance, Module, min, max, min, max, Type</keys>
</table>
</item>
<item name = "Loop"><table name="" hasTotal="0">
<keys size="8">Loop Name, min, max, Latency, achieved, target, Count, Pipelined</keys>
<column name="- Loop 1">1024, 1024, 1, 1, 1, 1024, yes</column>
<column name="- Loop 2">1024, 1024, 1, 1, 1, 1024, yes</column>
<column name="- Loop 3">1189, 1189, 167, 1, 1, 1024, yes</column>
<column name="- Loop 4">1025, 1025, 3, 1, 1, 1024, yes</column>
</table>
</item>
</section>
</item>
</section>
</item>
</section>
</profile>
