<profile>

<section name = "Vivado HLS Report for 'HLS_accel'" level="0">
<item name = "Date">Sat Mar 30 19:50:55 2024
</item>
<item name = "Version">2018.3 (Build 2405991 on Thu Dec 06 23:56:15 MST 2018)</item>
<item name = "Project">Lab5</item>
<item name = "Solution">solution1</item>
<item name = "Product family">zynq</item>
<item name = "Target device">xc7z020clg400-1</item>
</section>

<section name = "Performance Estimates" level="0">
<item name = "Timing (ns)">
<section name = "" level="1">
<item name = "Target clock period (ns)">10.00</item>
<item name = "Clock uncertainty (ns)">1.25</item>
<item name = "Estimated clock period (ns)">8.092</item>
</section>
</item>
<item name = "Latency (clock cycles)">
<section name = "" level="1">
<item name = "Summary"><table name="" hasTotal="0">
<keys size="6">, min, max, min, max, Type</keys>
<column name="">4270, 4270, 4270, 4270, none</column>
</table>
</item>
<item name = "Detail">
<section name = "" level="1">
<item name = "Instance"><table name="" hasTotal="0">
<keys size="7">Instance, Module, min, max, min, max, Type</keys>
</table>
</item>
<item name = "Loop"><table name="" hasTotal="0">
<keys size="8">Loop Name, min, max, Latency, achieved, target, Count, Pipelined</keys>
<column name="- Loop 1">1024, 1024, 1, 1, 1, 1024, yes</column>
<column name="- Loop 2">1024, 1024, 1, 1, 1, 1024, yes</column>
<column name="- Loop 3">1189, 1189, 167, 1, 1, 1024, yes</column>
<column name="- Loop 4">1025, 1025, 3, 1, 1, 1024, yes</column>
</table>
</item>
</section>
</item>
</section>
</item>
</section>

<section name = "Utilization Estimates" level="0">
<item name = "Summary"><table name="" hasTotal="1">
<keys size="5">Name, BRAM_18K, DSP48E, FF, LUT</keys>
<column name="DSP">-, -, -, -</column>
<column name="Expression">-, -, 0, 538</column>
<column name="FIFO">-, -, -, -</column>
<column name="Instance">0, 160, 11172, 22792</column>
<column name="Memory">66, -, 0, 0</column>
<column name="Multiplexer">-, -, -, 884</column>
<column name="Register">0, -, 5021, 896</column>
<specialColumn name="Available">280, 220, 106400, 53200</specialColumn>
<specialColumn name="Utilization (%)">23, 72, 15, 47</specialColumn>
</table>
</item>
<item name = "Detail">
<section name = "" level="1">
<item name = "Instance"><table name="" hasTotal="1">
<keys size="6">Instance, Module, BRAM_18K, DSP48E, FF, LUT</keys>
<column name="HLS_accel_CONTROL_BUS_s_axi_U">HLS_accel_CONTROL_BUS_s_axi, 0, 0, 36, 40</column>
<column name="HLS_accel_fadd_32bkb_U1">HLS_accel_fadd_32bkb, 0, 2, 205, 390</column>
<column name="HLS_accel_fadd_32bkb_U2">HLS_accel_fadd_32bkb, 0, 2, 205, 390</column>
<column name="HLS_accel_fadd_32bkb_U3">HLS_accel_fadd_32bkb, 0, 2, 205, 390</column>
<column name="HLS_accel_fadd_32bkb_U4">HLS_accel_fadd_32bkb, 0, 2, 205, 390</column>
<column name="HLS_accel_fadd_32bkb_U5">HLS_accel_fadd_32bkb, 0, 2, 205, 390</column>
<column name="HLS_accel_fadd_32bkb_U6">HLS_accel_fadd_32bkb, 0, 2, 205, 390</column>
<column name="HLS_accel_fadd_32bkb_U7">HLS_accel_fadd_32bkb, 0, 2, 205, 390</column>
<column name="HLS_accel_fadd_32bkb_U8">HLS_accel_fadd_32bkb, 0, 2, 205, 390</column>
<column name="HLS_accel_fadd_32bkb_U9">HLS_accel_fadd_32bkb, 0, 2, 205, 390</column>
<column name="HLS_accel_fadd_32bkb_U10">HLS_accel_fadd_32bkb, 0, 2, 205, 390</column>
<column name="HLS_accel_fadd_32bkb_U11">HLS_accel_fadd_32bkb, 0, 2, 205, 390</column>
<column name="HLS_accel_fadd_32bkb_U12">HLS_accel_fadd_32bkb, 0, 2, 205, 390</column>
<column name="HLS_accel_fadd_32bkb_U13">HLS_accel_fadd_32bkb, 0, 2, 205, 390</column>
<column name="HLS_accel_fadd_32bkb_U14">HLS_accel_fadd_32bkb, 0, 2, 205, 390</column>
<column name="HLS_accel_fadd_32bkb_U15">HLS_accel_fadd_32bkb, 0, 2, 205, 390</column>
<column name="HLS_accel_fadd_32bkb_U16">HLS_accel_fadd_32bkb, 0, 2, 205, 390</column>
<column name="HLS_accel_fadd_32bkb_U17">HLS_accel_fadd_32bkb, 0, 2, 205, 390</column>
<column name="HLS_accel_fadd_32bkb_U18">HLS_accel_fadd_32bkb, 0, 2, 205, 390</column>
<column name="HLS_accel_fadd_32bkb_U19">HLS_accel_fadd_32bkb, 0, 2, 205, 390</column>
<column name="HLS_accel_fadd_32bkb_U20">HLS_accel_fadd_32bkb, 0, 2, 205, 390</column>
<column name="HLS_accel_fadd_32bkb_U21">HLS_accel_fadd_32bkb, 0, 2, 205, 390</column>
<column name="HLS_accel_fadd_32bkb_U22">HLS_accel_fadd_32bkb, 0, 2, 205, 390</column>
<column name="HLS_accel_fadd_32bkb_U23">HLS_accel_fadd_32bkb, 0, 2, 205, 390</column>
<column name="HLS_accel_fadd_32bkb_U24">HLS_accel_fadd_32bkb, 0, 2, 205, 390</column>
<column name="HLS_accel_fadd_32bkb_U25">HLS_accel_fadd_32bkb, 0, 2, 205, 390</column>
<column name="HLS_accel_fadd_32bkb_U26">HLS_accel_fadd_32bkb, 0, 2, 205, 390</column>
<column name="HLS_accel_fadd_32bkb_U27">HLS_accel_fadd_32bkb, 0, 2, 205, 390</column>
<column name="HLS_accel_fadd_32bkb_U28">HLS_accel_fadd_32bkb, 0, 2, 205, 390</column>
<column name="HLS_accel_fadd_32bkb_U29">HLS_accel_fadd_32bkb, 0, 2, 205, 390</column>
<column name="HLS_accel_fadd_32bkb_U30">HLS_accel_fadd_32bkb, 0, 2, 205, 390</column>
<column name="HLS_accel_fadd_32bkb_U31">HLS_accel_fadd_32bkb, 0, 2, 205, 390</column>
<column name="HLS_accel_fadd_32bkb_U32">HLS_accel_fadd_32bkb, 0, 2, 205, 390</column>
<column name="HLS_accel_fmul_32cud_U33">HLS_accel_fmul_32cud, 0, 3, 143, 321</column>
<column name="HLS_accel_fmul_32cud_U34">HLS_accel_fmul_32cud, 0, 3, 143, 321</column>
<column name="HLS_accel_fmul_32cud_U35">HLS_accel_fmul_32cud, 0, 3, 143, 321</column>
<column name="HLS_accel_fmul_32cud_U36">HLS_accel_fmul_32cud, 0, 3, 143, 321</column>
<column name="HLS_accel_fmul_32cud_U37">HLS_accel_fmul_32cud, 0, 3, 143, 321</column>
<column name="HLS_accel_fmul_32cud_U38">HLS_accel_fmul_32cud, 0, 3, 143, 321</column>
<column name="HLS_accel_fmul_32cud_U39">HLS_accel_fmul_32cud, 0, 3, 143, 321</column>
<column name="HLS_accel_fmul_32cud_U40">HLS_accel_fmul_32cud, 0, 3, 143, 321</column>
<column name="HLS_accel_fmul_32cud_U41">HLS_accel_fmul_32cud, 0, 3, 143, 321</column>
<column name="HLS_accel_fmul_32cud_U42">HLS_accel_fmul_32cud, 0, 3, 143, 321</column>
<column name="HLS_accel_fmul_32cud_U43">HLS_accel_fmul_32cud, 0, 3, 143, 321</column>
<column name="HLS_accel_fmul_32cud_U44">HLS_accel_fmul_32cud, 0, 3, 143, 321</column>
<column name="HLS_accel_fmul_32cud_U45">HLS_accel_fmul_32cud, 0, 3, 143, 321</column>
<column name="HLS_accel_fmul_32cud_U46">HLS_accel_fmul_32cud, 0, 3, 143, 321</column>
<column name="HLS_accel_fmul_32cud_U47">HLS_accel_fmul_32cud, 0, 3, 143, 321</column>
<column name="HLS_accel_fmul_32cud_U48">HLS_accel_fmul_32cud, 0, 3, 143, 321</column>
<column name="HLS_accel_fmul_32cud_U49">HLS_accel_fmul_32cud, 0, 3, 143, 321</column>
<column name="HLS_accel_fmul_32cud_U50">HLS_accel_fmul_32cud, 0, 3, 143, 321</column>
<column name="HLS_accel_fmul_32cud_U51">HLS_accel_fmul_32cud, 0, 3, 143, 321</column>
<column name="HLS_accel_fmul_32cud_U52">HLS_accel_fmul_32cud, 0, 3, 143, 321</column>
<column name="HLS_accel_fmul_32cud_U53">HLS_accel_fmul_32cud, 0, 3, 143, 321</column>
<column name="HLS_accel_fmul_32cud_U54">HLS_accel_fmul_32cud, 0, 3, 143, 321</column>
<column name="HLS_accel_fmul_32cud_U55">HLS_accel_fmul_32cud, 0, 3, 143, 321</column>
<column name="HLS_accel_fmul_32cud_U56">HLS_accel_fmul_32cud, 0, 3, 143, 321</column>
<column name="HLS_accel_fmul_32cud_U57">HLS_accel_fmul_32cud, 0, 3, 143, 321</column>
<column name="HLS_accel_fmul_32cud_U58">HLS_accel_fmul_32cud, 0, 3, 143, 321</column>
<column name="HLS_accel_fmul_32cud_U59">HLS_accel_fmul_32cud, 0, 3, 143, 321</column>
<column name="HLS_accel_fmul_32cud_U60">HLS_accel_fmul_32cud, 0, 3, 143, 321</column>
<column name="HLS_accel_fmul_32cud_U61">HLS_accel_fmul_32cud, 0, 3, 143, 321</column>
<column name="HLS_accel_fmul_32cud_U62">HLS_accel_fmul_32cud, 0, 3, 143, 321</column>
<column name="HLS_accel_fmul_32cud_U63">HLS_accel_fmul_32cud, 0, 3, 143, 321</column>
<column name="HLS_accel_fmul_32cud_U64">HLS_accel_fmul_32cud, 0, 3, 143, 321</column>
</table>
</item>
<item name = "DSP48"><table name="" hasTotal="0">
<keys size="3">Instance, Module, Expression</keys>
</table>
</item>
<item name = "Memory"><table name="" hasTotal="1">
<keys size="9">Memory, Module, BRAM_18K, FF, LUT, Words, Bits, Banks, W*Bits*Banks</keys>
<column name="a_0_U">HLS_accel_a_0, 2, 0, 0, 64, 32, 1, 2048</column>
<column name="a_1_U">HLS_accel_a_0, 2, 0, 0, 64, 32, 1, 2048</column>
<column name="a_2_U">HLS_accel_a_0, 2, 0, 0, 64, 32, 1, 2048</column>
<column name="a_3_U">HLS_accel_a_0, 2, 0, 0, 64, 32, 1, 2048</column>
<column name="a_4_U">HLS_accel_a_0, 2, 0, 0, 64, 32, 1, 2048</column>
<column name="a_5_U">HLS_accel_a_0, 2, 0, 0, 64, 32, 1, 2048</column>
<column name="a_6_U">HLS_accel_a_0, 2, 0, 0, 64, 32, 1, 2048</column>
<column name="a_7_U">HLS_accel_a_0, 2, 0, 0, 64, 32, 1, 2048</column>
<column name="a_8_U">HLS_accel_a_0, 2, 0, 0, 64, 32, 1, 2048</column>
<column name="a_9_U">HLS_accel_a_0, 2, 0, 0, 64, 32, 1, 2048</column>
<column name="a_10_U">HLS_accel_a_0, 2, 0, 0, 64, 32, 1, 2048</column>
<column name="a_11_U">HLS_accel_a_0, 2, 0, 0, 64, 32, 1, 2048</column>
<column name="a_12_U">HLS_accel_a_0, 2, 0, 0, 64, 32, 1, 2048</column>
<column name="a_13_U">HLS_accel_a_0, 2, 0, 0, 64, 32, 1, 2048</column>
<column name="a_14_U">HLS_accel_a_0, 2, 0, 0, 64, 32, 1, 2048</column>
<column name="a_15_U">HLS_accel_a_0, 2, 0, 0, 64, 32, 1, 2048</column>
<column name="b_0_U">HLS_accel_a_0, 2, 0, 0, 64, 32, 1, 2048</column>
<column name="b_1_U">HLS_accel_a_0, 2, 0, 0, 64, 32, 1, 2048</column>
<column name="b_2_U">HLS_accel_a_0, 2, 0, 0, 64, 32, 1, 2048</column>
<column name="b_3_U">HLS_accel_a_0, 2, 0, 0, 64, 32, 1, 2048</column>
<column name="b_4_U">HLS_accel_a_0, 2, 0, 0, 64, 32, 1, 2048</column>
<column name="b_5_U">HLS_accel_a_0, 2, 0, 0, 64, 32, 1, 2048</column>
<column name="b_6_U">HLS_accel_a_0, 2, 0, 0, 64, 32, 1, 2048</column>
<column name="b_7_U">HLS_accel_a_0, 2, 0, 0, 64, 32, 1, 2048</column>
<column name="b_8_U">HLS_accel_a_0, 2, 0, 0, 64, 32, 1, 2048</column>
<column name="b_9_U">HLS_accel_a_0, 2, 0, 0, 64, 32, 1, 2048</column>
<column name="b_10_U">HLS_accel_a_0, 2, 0, 0, 64, 32, 1, 2048</column>
<column name="b_11_U">HLS_accel_a_0, 2, 0, 0, 64, 32, 1, 2048</column>
<column name="b_12_U">HLS_accel_a_0, 2, 0, 0, 64, 32, 1, 2048</column>
<column name="b_13_U">HLS_accel_a_0, 2, 0, 0, 64, 32, 1, 2048</column>
<column name="b_14_U">HLS_accel_a_0, 2, 0, 0, 64, 32, 1, 2048</column>
<column name="b_15_U">HLS_accel_a_0, 2, 0, 0, 64, 32, 1, 2048</column>
<column name="out_U">HLS_accel_out, 2, 0, 0, 1024, 32, 1, 32768</column>
</table>
</item>
<item name = "FIFO"><table name="" hasTotal="1">
<keys size="7">Name, BRAM_18K, FF, LUT, Depth, Bits, Size:D*B</keys>
</table>
</item>
<item name = "Expression"><table name="" hasTotal="1">
<keys size="7">Variable Name, Operation, DSP48E, FF, LUT, Bitwidth P0, Bitwidth P1</keys>
<column name="i_1_fu_1816_p2">+, 0, 0, 15, 1, 6</column>
<column name="i_2_fu_1954_p2">+, 0, 0, 15, 6, 1</column>
<column name="i_3_fu_2087_p2">+, 0, 0, 15, 1, 6</column>
<column name="i_fu_1708_p2">+, 0, 0, 15, 1, 6</column>
<column name="indvar_flatten_next1_fu_1948_p2">+, 0, 0, 13, 11, 1</column>
<column name="indvar_flatten_next2_fu_2081_p2">+, 0, 0, 13, 11, 1</column>
<column name="indvar_flatten_next7_fu_1810_p2">+, 0, 0, 13, 11, 1</column>
<column name="indvar_flatten_next_fu_1702_p2">+, 0, 0, 13, 11, 1</column>
<column name="j_1_fu_1914_p2">+, 0, 0, 15, 6, 1</column>
<column name="j_2_fu_2170_p2">+, 0, 0, 15, 1, 6</column>
<column name="j_3_fu_2030_p2">+, 0, 0, 15, 6, 1</column>
<column name="j_fu_1798_p2">+, 0, 0, 15, 6, 1</column>
<column name="k_fu_2143_p2">+, 0, 0, 14, 10, 10</column>
<column name="tmp_18_fu_2039_p2">+, 0, 0, 15, 7, 6</column>
<column name="tmp_19_fu_2064_p2">+, 0, 0, 12, 12, 12</column>
<column name="tmp_22_fu_2153_p2">+, 0, 0, 12, 12, 12</column>
<column name="tmp_8_fu_1888_p2">+, 0, 0, 15, 7, 7</column>
<column name="INPUT_STREAM_data_V_0_load_A">and, 0, 0, 2, 1, 1</column>
<column name="INPUT_STREAM_data_V_0_load_B">and, 0, 0, 2, 1, 1</column>
<column name="OUTPUT_STREAM_data_V_1_load_A">and, 0, 0, 2, 1, 1</column>
<column name="OUTPUT_STREAM_data_V_1_load_B">and, 0, 0, 2, 1, 1</column>
<column name="OUTPUT_STREAM_last_V_1_load_A">and, 0, 0, 2, 1, 1</column>
<column name="OUTPUT_STREAM_last_V_1_load_B">and, 0, 0, 2, 1, 1</column>
<column name="ap_block_state175_io">and, 0, 0, 2, 1, 1</column>
<column name="ap_block_state176_io">and, 0, 0, 2, 1, 1</column>
<column name="ap_block_state2">and, 0, 0, 2, 1, 1</column>
<column name="ap_block_state4">and, 0, 0, 2, 1, 1</column>
<column name="INPUT_STREAM_data_V_0_state_cmp_full">icmp, 0, 0, 8, 2, 1</column>
<column name="OUTPUT_STREAM_data_V_1_state_cmp_full">icmp, 0, 0, 8, 2, 1</column>
<column name="OUTPUT_STREAM_last_V_1_state_cmp_full">icmp, 0, 0, 8, 2, 1</column>
<column name="exitcond1_i_i_fu_1960_p2">icmp, 0, 0, 11, 6, 7</column>
<column name="exitcond2_i_fu_1822_p2">icmp, 0, 0, 11, 6, 7</column>
<column name="exitcond4_i_fu_1714_p2">icmp, 0, 0, 11, 6, 7</column>
<column name="exitcond_flatten1_fu_1942_p2">icmp, 0, 0, 13, 11, 12</column>
<column name="exitcond_flatten2_fu_2075_p2">icmp, 0, 0, 13, 11, 12</column>
<column name="exitcond_flatten8_fu_1804_p2">icmp, 0, 0, 13, 11, 12</column>
<column name="exitcond_flatten_fu_1696_p2">icmp, 0, 0, 13, 11, 12</column>
<column name="exitcond_i_fu_2093_p2">icmp, 0, 0, 11, 6, 7</column>
<column name="last_assign_fu_2164_p2">icmp, 0, 0, 13, 10, 2</column>
<column name="ap_block_pp3_stage0_11001">or, 0, 0, 2, 1, 1</column>
<column name="ap_block_state177">or, 0, 0, 2, 1, 1</column>
<column name="tmp_12_fu_1928_p2">or, 0, 0, 7, 7, 1</column>
<column name="tmp_15_fu_1982_p2">or, 0, 0, 7, 7, 1</column>
<column name="a_0_load_1_mid2_fu_2017_p3">select, 0, 0, 64, 1, 64</column>
<column name="a_0_load_mid2_v_fu_2004_p3">select, 0, 0, 7, 1, 7</column>
<column name="arrayNo1_cast_mid2_v_fu_1836_p3">select, 0, 0, 6, 1, 6</column>
<column name="j2_0_i_mid2_fu_1828_p3">select, 0, 0, 6, 1, 1</column>
<column name="j5_0_i_mid2_fu_2099_p3">select, 0, 0, 6, 1, 1</column>
<column name="j_0_i_i_mid2_fu_1966_p3">select, 0, 0, 6, 1, 1</column>
<column name="j_0_i_mid2_fu_1720_p3">select, 0, 0, 6, 1, 1</column>
<column name="p_v_fu_1996_p3">select, 0, 0, 6, 1, 6</column>
<column name="tmp_1_mid2_v_fu_1728_p3">select, 0, 0, 6, 1, 6</column>
<column name="tmp_8_mid2_v_v_fu_2107_p3">select, 0, 0, 6, 1, 6</column>
<column name="ap_enable_pp2">xor, 0, 0, 2, 1, 2</column>
<column name="ap_enable_pp3">xor, 0, 0, 2, 1, 2</column>
<column name="ap_enable_reg_pp2_iter1">xor, 0, 0, 2, 2, 1</column>
<column name="ap_enable_reg_pp3_iter1">xor, 0, 0, 2, 2, 1</column>
</table>
</item>
<item name = "Multiplexer"><table name="" hasTotal="1">
<keys size="5">Name, LUT, Input Size, Bits, Total Bits</keys>
<column name="INPUT_STREAM_TDATA_blk_n">9, 2, 1, 2</column>
<column name="INPUT_STREAM_data_V_0_data_out">9, 2, 32, 64</column>
<column name="INPUT_STREAM_data_V_0_state">15, 3, 2, 6</column>
<column name="INPUT_STREAM_dest_V_0_state">15, 3, 2, 6</column>
<column name="OUTPUT_STREAM_TDATA_blk_n">9, 2, 1, 2</column>
<column name="OUTPUT_STREAM_data_V_1_data_out">9, 2, 32, 64</column>
<column name="OUTPUT_STREAM_data_V_1_state">15, 3, 2, 6</column>
<column name="OUTPUT_STREAM_dest_V_1_state">15, 3, 2, 6</column>
<column name="OUTPUT_STREAM_id_V_1_state">15, 3, 2, 6</column>
<column name="OUTPUT_STREAM_keep_V_1_state">15, 3, 2, 6</column>
<column name="OUTPUT_STREAM_last_V_1_data_out">9, 2, 1, 2</column>
<column name="OUTPUT_STREAM_last_V_1_state">15, 3, 2, 6</column>
<column name="OUTPUT_STREAM_strb_V_1_state">15, 3, 2, 6</column>
<column name="OUTPUT_STREAM_user_V_1_state">15, 3, 2, 6</column>
<column name="a_0_address0">15, 3, 6, 18</column>
<column name="a_10_address0">15, 3, 6, 18</column>
<column name="a_11_address0">15, 3, 6, 18</column>
<column name="a_12_address0">15, 3, 6, 18</column>
<column name="a_13_address0">15, 3, 6, 18</column>
<column name="a_14_address0">15, 3, 6, 18</column>
<column name="a_15_address0">15, 3, 6, 18</column>
<column name="a_1_address0">15, 3, 6, 18</column>
<column name="a_2_address0">15, 3, 6, 18</column>
<column name="a_3_address0">15, 3, 6, 18</column>
<column name="a_4_address0">15, 3, 6, 18</column>
<column name="a_5_address0">15, 3, 6, 18</column>
<column name="a_6_address0">15, 3, 6, 18</column>
<column name="a_7_address0">15, 3, 6, 18</column>
<column name="a_8_address0">15, 3, 6, 18</column>
<column name="a_9_address0">15, 3, 6, 18</column>
<column name="ap_NS_fsm">47, 10, 1, 10</column>
<column name="ap_enable_reg_pp2_iter1">9, 2, 1, 2</column>
<column name="ap_enable_reg_pp2_iter166">9, 2, 1, 2</column>
<column name="ap_enable_reg_pp3_iter1">9, 2, 1, 2</column>
<column name="ap_enable_reg_pp3_iter2">9, 2, 1, 2</column>
<column name="ap_phi_mux_i4_0_i_phi_fu_1417_p4">9, 2, 6, 12</column>
<column name="ap_phi_mux_i_0_i_i_phi_fu_1384_p4">9, 2, 6, 12</column>
<column name="b_0_address0">15, 3, 6, 18</column>
<column name="b_10_address0">15, 3, 6, 18</column>
<column name="b_11_address0">15, 3, 6, 18</column>
<column name="b_12_address0">15, 3, 6, 18</column>
<column name="b_13_address0">15, 3, 6, 18</column>
<column name="b_14_address0">15, 3, 6, 18</column>
<column name="b_15_address0">15, 3, 6, 18</column>
<column name="b_1_address0">15, 3, 6, 18</column>
<column name="b_2_address0">15, 3, 6, 18</column>
<column name="b_3_address0">15, 3, 6, 18</column>
<column name="b_4_address0">15, 3, 6, 18</column>
<column name="b_5_address0">15, 3, 6, 18</column>
<column name="b_6_address0">15, 3, 6, 18</column>
<column name="b_7_address0">15, 3, 6, 18</column>
<column name="b_8_address0">15, 3, 6, 18</column>
<column name="b_9_address0">15, 3, 6, 18</column>
<column name="i1_0_i_reg_1347">9, 2, 6, 12</column>
<column name="i4_0_i_reg_1413">9, 2, 6, 12</column>
<column name="i_0_i_i_reg_1380">9, 2, 6, 12</column>
<column name="i_0_i_reg_1314">9, 2, 6, 12</column>
<column name="indvar_flatten1_reg_1369">9, 2, 11, 22</column>
<column name="indvar_flatten2_reg_1402">9, 2, 11, 22</column>
<column name="indvar_flatten6_reg_1336">9, 2, 11, 22</column>
<column name="indvar_flatten_reg_1303">9, 2, 11, 22</column>
<column name="j2_0_i_reg_1358">9, 2, 6, 12</column>
<column name="j5_0_i_reg_1424">9, 2, 6, 12</column>
<column name="j_0_i_i_reg_1391">9, 2, 6, 12</column>
<column name="j_0_i_reg_1325">9, 2, 6, 12</column>
<column name="out_address0">15, 3, 10, 30</column>
</table>
</item>
<item name = "Register"><table name="" hasTotal="1">
<keys size="5">Name, FF, LUT, Bits, Const Bits</keys>
<column name="INPUT_STREAM_data_V_0_payload_A">32, 0, 32, 0</column>
<column name="INPUT_STREAM_data_V_0_payload_B">32, 0, 32, 0</column>
<column name="INPUT_STREAM_data_V_0_sel_rd">1, 0, 1, 0</column>
<column name="INPUT_STREAM_data_V_0_sel_wr">1, 0, 1, 0</column>
<column name="INPUT_STREAM_data_V_0_state">2, 0, 2, 0</column>
<column name="INPUT_STREAM_dest_V_0_state">2, 0, 2, 0</column>
<column name="OUTPUT_STREAM_data_V_1_payload_A">32, 0, 32, 0</column>
<column name="OUTPUT_STREAM_data_V_1_payload_B">32, 0, 32, 0</column>
<column name="OUTPUT_STREAM_data_V_1_sel_rd">1, 0, 1, 0</column>
<column name="OUTPUT_STREAM_data_V_1_sel_wr">1, 0, 1, 0</column>
<column name="OUTPUT_STREAM_data_V_1_state">2, 0, 2, 0</column>
<column name="OUTPUT_STREAM_dest_V_1_sel_rd">1, 0, 1, 0</column>
<column name="OUTPUT_STREAM_dest_V_1_state">2, 0, 2, 0</column>
<column name="OUTPUT_STREAM_id_V_1_sel_rd">1, 0, 1, 0</column>
<column name="OUTPUT_STREAM_id_V_1_state">2, 0, 2, 0</column>
<column name="OUTPUT_STREAM_keep_V_1_sel_rd">1, 0, 1, 0</column>
<column name="OUTPUT_STREAM_keep_V_1_state">2, 0, 2, 0</column>
<column name="OUTPUT_STREAM_last_V_1_payload_A">1, 0, 1, 0</column>
<column name="OUTPUT_STREAM_last_V_1_payload_B">1, 0, 1, 0</column>
<column name="OUTPUT_STREAM_last_V_1_sel_rd">1, 0, 1, 0</column>
<column name="OUTPUT_STREAM_last_V_1_sel_wr">1, 0, 1, 0</column>
<column name="OUTPUT_STREAM_last_V_1_state">2, 0, 2, 0</column>
<column name="OUTPUT_STREAM_strb_V_1_sel_rd">1, 0, 1, 0</column>
<column name="OUTPUT_STREAM_strb_V_1_state">2, 0, 2, 0</column>
<column name="OUTPUT_STREAM_user_V_1_sel_rd">1, 0, 1, 0</column>
<column name="OUTPUT_STREAM_user_V_1_state">2, 0, 2, 0</column>
<column name="a_0_load_1_mid2_reg_2268">6, 0, 64, 58</column>
<column name="a_0_load_1_reg_2361">32, 0, 32, 0</column>
<column name="a_0_load_mid2_reg_2244">6, 0, 64, 58</column>
<column name="a_0_load_reg_2317">32, 0, 32, 0</column>
<column name="a_10_load_1_reg_2961">32, 0, 32, 0</column>
<column name="a_10_load_reg_2931">32, 0, 32, 0</column>
<column name="a_11_load_1_reg_3021">32, 0, 32, 0</column>
<column name="a_11_load_reg_2991">32, 0, 32, 0</column>
<column name="a_12_load_1_reg_3081">32, 0, 32, 0</column>
<column name="a_12_load_reg_3051">32, 0, 32, 0</column>
<column name="a_13_load_1_reg_3141">32, 0, 32, 0</column>
<column name="a_13_load_reg_3111">32, 0, 32, 0</column>
<column name="a_14_load_1_reg_3201">32, 0, 32, 0</column>
<column name="a_14_load_reg_3171">32, 0, 32, 0</column>
<column name="a_15_load_1_reg_3261">32, 0, 32, 0</column>
<column name="a_15_load_reg_3231">32, 0, 32, 0</column>
<column name="a_1_load_1_reg_2421">32, 0, 32, 0</column>
<column name="a_1_load_reg_2391">32, 0, 32, 0</column>
<column name="a_2_load_1_reg_2481">32, 0, 32, 0</column>
<column name="a_2_load_reg_2451">32, 0, 32, 0</column>
<column name="a_3_load_1_reg_2541">32, 0, 32, 0</column>
<column name="a_3_load_reg_2511">32, 0, 32, 0</column>
<column name="a_4_load_1_reg_2601">32, 0, 32, 0</column>
<column name="a_4_load_reg_2571">32, 0, 32, 0</column>
<column name="a_5_load_1_reg_2661">32, 0, 32, 0</column>
<column name="a_5_load_reg_2631">32, 0, 32, 0</column>
<column name="a_6_load_1_reg_2721">32, 0, 32, 0</column>
<column name="a_6_load_reg_2691">32, 0, 32, 0</column>
<column name="a_7_load_1_reg_2781">32, 0, 32, 0</column>
<column name="a_7_load_reg_2751">32, 0, 32, 0</column>
<column name="a_8_load_1_reg_2841">32, 0, 32, 0</column>
<column name="a_8_load_reg_2811">32, 0, 32, 0</column>
<column name="a_9_load_1_reg_2901">32, 0, 32, 0</column>
<column name="a_9_load_reg_2871">32, 0, 32, 0</column>
<column name="ap_CS_fsm">9, 0, 9, 0</column>
<column name="ap_enable_reg_pp2_iter0">1, 0, 1, 0</column>
<column name="ap_enable_reg_pp2_iter1">1, 0, 1, 0</column>
<column name="ap_enable_reg_pp2_iter10">1, 0, 1, 0</column>
<column name="ap_enable_reg_pp2_iter100">1, 0, 1, 0</column>
<column name="ap_enable_reg_pp2_iter101">1, 0, 1, 0</column>
<column name="ap_enable_reg_pp2_iter102">1, 0, 1, 0</column>
<column name="ap_enable_reg_pp2_iter103">1, 0, 1, 0</column>
<column name="ap_enable_reg_pp2_iter104">1, 0, 1, 0</column>
<column name="ap_enable_reg_pp2_iter105">1, 0, 1, 0</column>
<column name="ap_enable_reg_pp2_iter106">1, 0, 1, 0</column>
<column name="ap_enable_reg_pp2_iter107">1, 0, 1, 0</column>
<column name="ap_enable_reg_pp2_iter108">1, 0, 1, 0</column>
<column name="ap_enable_reg_pp2_iter109">1, 0, 1, 0</column>
<column name="ap_enable_reg_pp2_iter11">1, 0, 1, 0</column>
<column name="ap_enable_reg_pp2_iter110">1, 0, 1, 0</column>
<column name="ap_enable_reg_pp2_iter111">1, 0, 1, 0</column>
<column name="ap_enable_reg_pp2_iter112">1, 0, 1, 0</column>
<column name="ap_enable_reg_pp2_iter113">1, 0, 1, 0</column>
<column name="ap_enable_reg_pp2_iter114">1, 0, 1, 0</column>
<column name="ap_enable_reg_pp2_iter115">1, 0, 1, 0</column>
<column name="ap_enable_reg_pp2_iter116">1, 0, 1, 0</column>
<column name="ap_enable_reg_pp2_iter117">1, 0, 1, 0</column>
<column name="ap_enable_reg_pp2_iter118">1, 0, 1, 0</column>
<column name="ap_enable_reg_pp2_iter119">1, 0, 1, 0</column>
<column name="ap_enable_reg_pp2_iter12">1, 0, 1, 0</column>
<column name="ap_enable_reg_pp2_iter120">1, 0, 1, 0</column>
<column name="ap_enable_reg_pp2_iter121">1, 0, 1, 0</column>
<column name="ap_enable_reg_pp2_iter122">1, 0, 1, 0</column>
<column name="ap_enable_reg_pp2_iter123">1, 0, 1, 0</column>
<column name="ap_enable_reg_pp2_iter124">1, 0, 1, 0</column>
<column name="ap_enable_reg_pp2_iter125">1, 0, 1, 0</column>
<column name="ap_enable_reg_pp2_iter126">1, 0, 1, 0</column>
<column name="ap_enable_reg_pp2_iter127">1, 0, 1, 0</column>
<column name="ap_enable_reg_pp2_iter128">1, 0, 1, 0</column>
<column name="ap_enable_reg_pp2_iter129">1, 0, 1, 0</column>
<column name="ap_enable_reg_pp2_iter13">1, 0, 1, 0</column>
<column name="ap_enable_reg_pp2_iter130">1, 0, 1, 0</column>
<column name="ap_enable_reg_pp2_iter131">1, 0, 1, 0</column>
<column name="ap_enable_reg_pp2_iter132">1, 0, 1, 0</column>
<column name="ap_enable_reg_pp2_iter133">1, 0, 1, 0</column>
<column name="ap_enable_reg_pp2_iter134">1, 0, 1, 0</column>
<column name="ap_enable_reg_pp2_iter135">1, 0, 1, 0</column>
<column name="ap_enable_reg_pp2_iter136">1, 0, 1, 0</column>
<column name="ap_enable_reg_pp2_iter137">1, 0, 1, 0</column>
<column name="ap_enable_reg_pp2_iter138">1, 0, 1, 0</column>
<column name="ap_enable_reg_pp2_iter139">1, 0, 1, 0</column>
<column name="ap_enable_reg_pp2_iter14">1, 0, 1, 0</column>
<column name="ap_enable_reg_pp2_iter140">1, 0, 1, 0</column>
<column name="ap_enable_reg_pp2_iter141">1, 0, 1, 0</column>
<column name="ap_enable_reg_pp2_iter142">1, 0, 1, 0</column>
<column name="ap_enable_reg_pp2_iter143">1, 0, 1, 0</column>
<column name="ap_enable_reg_pp2_iter144">1, 0, 1, 0</column>
<column name="ap_enable_reg_pp2_iter145">1, 0, 1, 0</column>
<column name="ap_enable_reg_pp2_iter146">1, 0, 1, 0</column>
<column name="ap_enable_reg_pp2_iter147">1, 0, 1, 0</column>
<column name="ap_enable_reg_pp2_iter148">1, 0, 1, 0</column>
<column name="ap_enable_reg_pp2_iter149">1, 0, 1, 0</column>
<column name="ap_enable_reg_pp2_iter15">1, 0, 1, 0</column>
<column name="ap_enable_reg_pp2_iter150">1, 0, 1, 0</column>
<column name="ap_enable_reg_pp2_iter151">1, 0, 1, 0</column>
<column name="ap_enable_reg_pp2_iter152">1, 0, 1, 0</column>
<column name="ap_enable_reg_pp2_iter153">1, 0, 1, 0</column>
<column name="ap_enable_reg_pp2_iter154">1, 0, 1, 0</column>
<column name="ap_enable_reg_pp2_iter155">1, 0, 1, 0</column>
<column name="ap_enable_reg_pp2_iter156">1, 0, 1, 0</column>
<column name="ap_enable_reg_pp2_iter157">1, 0, 1, 0</column>
<column name="ap_enable_reg_pp2_iter158">1, 0, 1, 0</column>
<column name="ap_enable_reg_pp2_iter159">1, 0, 1, 0</column>
<column name="ap_enable_reg_pp2_iter16">1, 0, 1, 0</column>
<column name="ap_enable_reg_pp2_iter160">1, 0, 1, 0</column>
<column name="ap_enable_reg_pp2_iter161">1, 0, 1, 0</column>
<column name="ap_enable_reg_pp2_iter162">1, 0, 1, 0</column>
<column name="ap_enable_reg_pp2_iter163">1, 0, 1, 0</column>
<column name="ap_enable_reg_pp2_iter164">1, 0, 1, 0</column>
<column name="ap_enable_reg_pp2_iter165">1, 0, 1, 0</column>
<column name="ap_enable_reg_pp2_iter166">1, 0, 1, 0</column>
<column name="ap_enable_reg_pp2_iter17">1, 0, 1, 0</column>
<column name="ap_enable_reg_pp2_iter18">1, 0, 1, 0</column>
<column name="ap_enable_reg_pp2_iter19">1, 0, 1, 0</column>
<column name="ap_enable_reg_pp2_iter2">1, 0, 1, 0</column>
<column name="ap_enable_reg_pp2_iter20">1, 0, 1, 0</column>
<column name="ap_enable_reg_pp2_iter21">1, 0, 1, 0</column>
<column name="ap_enable_reg_pp2_iter22">1, 0, 1, 0</column>
<column name="ap_enable_reg_pp2_iter23">1, 0, 1, 0</column>
<column name="ap_enable_reg_pp2_iter24">1, 0, 1, 0</column>
<column name="ap_enable_reg_pp2_iter25">1, 0, 1, 0</column>
<column name="ap_enable_reg_pp2_iter26">1, 0, 1, 0</column>
<column name="ap_enable_reg_pp2_iter27">1, 0, 1, 0</column>
<column name="ap_enable_reg_pp2_iter28">1, 0, 1, 0</column>
<column name="ap_enable_reg_pp2_iter29">1, 0, 1, 0</column>
<column name="ap_enable_reg_pp2_iter3">1, 0, 1, 0</column>
<column name="ap_enable_reg_pp2_iter30">1, 0, 1, 0</column>
<column name="ap_enable_reg_pp2_iter31">1, 0, 1, 0</column>
<column name="ap_enable_reg_pp2_iter32">1, 0, 1, 0</column>
<column name="ap_enable_reg_pp2_iter33">1, 0, 1, 0</column>
<column name="ap_enable_reg_pp2_iter34">1, 0, 1, 0</column>
<column name="ap_enable_reg_pp2_iter35">1, 0, 1, 0</column>
<column name="ap_enable_reg_pp2_iter36">1, 0, 1, 0</column>
<column name="ap_enable_reg_pp2_iter37">1, 0, 1, 0</column>
<column name="ap_enable_reg_pp2_iter38">1, 0, 1, 0</column>
<column name="ap_enable_reg_pp2_iter39">1, 0, 1, 0</column>
<column name="ap_enable_reg_pp2_iter4">1, 0, 1, 0</column>
<column name="ap_enable_reg_pp2_iter40">1, 0, 1, 0</column>
<column name="ap_enable_reg_pp2_iter41">1, 0, 1, 0</column>
<column name="ap_enable_reg_pp2_iter42">1, 0, 1, 0</column>
<column name="ap_enable_reg_pp2_iter43">1, 0, 1, 0</column>
<column name="ap_enable_reg_pp2_iter44">1, 0, 1, 0</column>
<column name="ap_enable_reg_pp2_iter45">1, 0, 1, 0</column>
<column name="ap_enable_reg_pp2_iter46">1, 0, 1, 0</column>
<column name="ap_enable_reg_pp2_iter47">1, 0, 1, 0</column>
<column name="ap_enable_reg_pp2_iter48">1, 0, 1, 0</column>
<column name="ap_enable_reg_pp2_iter49">1, 0, 1, 0</column>
<column name="ap_enable_reg_pp2_iter5">1, 0, 1, 0</column>
<column name="ap_enable_reg_pp2_iter50">1, 0, 1, 0</column>
<column name="ap_enable_reg_pp2_iter51">1, 0, 1, 0</column>
<column name="ap_enable_reg_pp2_iter52">1, 0, 1, 0</column>
<column name="ap_enable_reg_pp2_iter53">1, 0, 1, 0</column>
<column name="ap_enable_reg_pp2_iter54">1, 0, 1, 0</column>
<column name="ap_enable_reg_pp2_iter55">1, 0, 1, 0</column>
<column name="ap_enable_reg_pp2_iter56">1, 0, 1, 0</column>
<column name="ap_enable_reg_pp2_iter57">1, 0, 1, 0</column>
<column name="ap_enable_reg_pp2_iter58">1, 0, 1, 0</column>
<column name="ap_enable_reg_pp2_iter59">1, 0, 1, 0</column>
<column name="ap_enable_reg_pp2_iter6">1, 0, 1, 0</column>
<column name="ap_enable_reg_pp2_iter60">1, 0, 1, 0</column>
<column name="ap_enable_reg_pp2_iter61">1, 0, 1, 0</column>
<column name="ap_enable_reg_pp2_iter62">1, 0, 1, 0</column>
<column name="ap_enable_reg_pp2_iter63">1, 0, 1, 0</column>
<column name="ap_enable_reg_pp2_iter64">1, 0, 1, 0</column>
<column name="ap_enable_reg_pp2_iter65">1, 0, 1, 0</column>
<column name="ap_enable_reg_pp2_iter66">1, 0, 1, 0</column>
<column name="ap_enable_reg_pp2_iter67">1, 0, 1, 0</column>
<column name="ap_enable_reg_pp2_iter68">1, 0, 1, 0</column>
<column name="ap_enable_reg_pp2_iter69">1, 0, 1, 0</column>
<column name="ap_enable_reg_pp2_iter7">1, 0, 1, 0</column>
<column name="ap_enable_reg_pp2_iter70">1, 0, 1, 0</column>
<column name="ap_enable_reg_pp2_iter71">1, 0, 1, 0</column>
<column name="ap_enable_reg_pp2_iter72">1, 0, 1, 0</column>
<column name="ap_enable_reg_pp2_iter73">1, 0, 1, 0</column>
<column name="ap_enable_reg_pp2_iter74">1, 0, 1, 0</column>
<column name="ap_enable_reg_pp2_iter75">1, 0, 1, 0</column>
<column name="ap_enable_reg_pp2_iter76">1, 0, 1, 0</column>
<column name="ap_enable_reg_pp2_iter77">1, 0, 1, 0</column>
<column name="ap_enable_reg_pp2_iter78">1, 0, 1, 0</column>
<column name="ap_enable_reg_pp2_iter79">1, 0, 1, 0</column>
<column name="ap_enable_reg_pp2_iter8">1, 0, 1, 0</column>
<column name="ap_enable_reg_pp2_iter80">1, 0, 1, 0</column>
<column name="ap_enable_reg_pp2_iter81">1, 0, 1, 0</column>
<column name="ap_enable_reg_pp2_iter82">1, 0, 1, 0</column>
<column name="ap_enable_reg_pp2_iter83">1, 0, 1, 0</column>
<column name="ap_enable_reg_pp2_iter84">1, 0, 1, 0</column>
<column name="ap_enable_reg_pp2_iter85">1, 0, 1, 0</column>
<column name="ap_enable_reg_pp2_iter86">1, 0, 1, 0</column>
<column name="ap_enable_reg_pp2_iter87">1, 0, 1, 0</column>
<column name="ap_enable_reg_pp2_iter88">1, 0, 1, 0</column>
<column name="ap_enable_reg_pp2_iter89">1, 0, 1, 0</column>
<column name="ap_enable_reg_pp2_iter9">1, 0, 1, 0</column>
<column name="ap_enable_reg_pp2_iter90">1, 0, 1, 0</column>
<column name="ap_enable_reg_pp2_iter91">1, 0, 1, 0</column>
<column name="ap_enable_reg_pp2_iter92">1, 0, 1, 0</column>
<column name="ap_enable_reg_pp2_iter93">1, 0, 1, 0</column>
<column name="ap_enable_reg_pp2_iter94">1, 0, 1, 0</column>
<column name="ap_enable_reg_pp2_iter95">1, 0, 1, 0</column>
<column name="ap_enable_reg_pp2_iter96">1, 0, 1, 0</column>
<column name="ap_enable_reg_pp2_iter97">1, 0, 1, 0</column>
<column name="ap_enable_reg_pp2_iter98">1, 0, 1, 0</column>
<column name="ap_enable_reg_pp2_iter99">1, 0, 1, 0</column>
<column name="ap_enable_reg_pp3_iter0">1, 0, 1, 0</column>
<column name="ap_enable_reg_pp3_iter1">1, 0, 1, 0</column>
<column name="ap_enable_reg_pp3_iter2">1, 0, 1, 0</column>
<column name="b_0_load_1_reg_2366">32, 0, 32, 0</column>
<column name="b_0_load_reg_2322">32, 0, 32, 0</column>
<column name="b_10_load_1_reg_2966">32, 0, 32, 0</column>
<column name="b_10_load_reg_2936">32, 0, 32, 0</column>
<column name="b_11_load_1_reg_3026">32, 0, 32, 0</column>
<column name="b_11_load_reg_2996">32, 0, 32, 0</column>
<column name="b_12_load_1_reg_3086">32, 0, 32, 0</column>
<column name="b_12_load_reg_3056">32, 0, 32, 0</column>
<column name="b_13_load_1_reg_3146">32, 0, 32, 0</column>
<column name="b_13_load_reg_3116">32, 0, 32, 0</column>
<column name="b_14_load_1_reg_3206">32, 0, 32, 0</column>
<column name="b_14_load_reg_3176">32, 0, 32, 0</column>
<column name="b_15_load_1_reg_3266">32, 0, 32, 0</column>
<column name="b_15_load_reg_3236">32, 0, 32, 0</column>
<column name="b_1_load_1_reg_2426">32, 0, 32, 0</column>
<column name="b_1_load_reg_2396">32, 0, 32, 0</column>
<column name="b_2_load_1_reg_2486">32, 0, 32, 0</column>
<column name="b_2_load_reg_2456">32, 0, 32, 0</column>
<column name="b_3_load_1_reg_2546">32, 0, 32, 0</column>
<column name="b_3_load_reg_2516">32, 0, 32, 0</column>
<column name="b_4_load_1_reg_2606">32, 0, 32, 0</column>
<column name="b_4_load_reg_2576">32, 0, 32, 0</column>
<column name="b_5_load_1_reg_2666">32, 0, 32, 0</column>
<column name="b_5_load_reg_2636">32, 0, 32, 0</column>
<column name="b_6_load_1_reg_2726">32, 0, 32, 0</column>
<column name="b_6_load_reg_2696">32, 0, 32, 0</column>
<column name="b_7_load_1_reg_2786">32, 0, 32, 0</column>
<column name="b_7_load_reg_2756">32, 0, 32, 0</column>
<column name="b_8_load_1_reg_2846">32, 0, 32, 0</column>
<column name="b_8_load_reg_2816">32, 0, 32, 0</column>
<column name="b_9_load_1_reg_2906">32, 0, 32, 0</column>
<column name="b_9_load_reg_2876">32, 0, 32, 0</column>
<column name="exitcond_flatten1_reg_2223">1, 0, 1, 0</column>
<column name="exitcond_flatten2_reg_3286">1, 0, 1, 0</column>
<column name="exitcond_flatten2_reg_3286_pp3_iter1_reg">1, 0, 1, 0</column>
<column name="i1_0_i_reg_1347">6, 0, 6, 0</column>
<column name="i4_0_i_reg_1413">6, 0, 6, 0</column>
<column name="i_0_i_i_reg_1380">6, 0, 6, 0</column>
<column name="i_0_i_reg_1314">6, 0, 6, 0</column>
<column name="indvar_flatten1_reg_1369">11, 0, 11, 0</column>
<column name="indvar_flatten2_reg_1402">11, 0, 11, 0</column>
<column name="indvar_flatten6_reg_1336">11, 0, 11, 0</column>
<column name="indvar_flatten_reg_1303">11, 0, 11, 0</column>
<column name="j2_0_i_reg_1358">6, 0, 6, 0</column>
<column name="j5_0_i_reg_1424">6, 0, 6, 0</column>
<column name="j_0_i_i_mid2_reg_2232">6, 0, 6, 0</column>
<column name="j_0_i_i_reg_1391">6, 0, 6, 0</column>
<column name="j_0_i_reg_1325">6, 0, 6, 0</column>
<column name="last_assign_reg_3305">1, 0, 1, 0</column>
<column name="p_v_reg_2238">6, 0, 6, 0</column>
<column name="tmp_10_reg_2381">32, 0, 32, 0</column>
<column name="tmp_16_10_reg_2686">32, 0, 32, 0</column>
<column name="tmp_16_11_reg_2716">32, 0, 32, 0</column>
<column name="tmp_16_12_reg_2746">32, 0, 32, 0</column>
<column name="tmp_16_13_reg_2776">32, 0, 32, 0</column>
<column name="tmp_16_14_reg_2806">32, 0, 32, 0</column>
<column name="tmp_16_15_reg_2836">32, 0, 32, 0</column>
<column name="tmp_16_16_reg_2866">32, 0, 32, 0</column>
<column name="tmp_16_17_reg_2896">32, 0, 32, 0</column>
<column name="tmp_16_18_reg_2926">32, 0, 32, 0</column>
<column name="tmp_16_19_reg_2956">32, 0, 32, 0</column>
<column name="tmp_16_1_reg_2386">32, 0, 32, 0</column>
<column name="tmp_16_20_reg_2986">32, 0, 32, 0</column>
<column name="tmp_16_21_reg_3016">32, 0, 32, 0</column>
<column name="tmp_16_22_reg_3046">32, 0, 32, 0</column>
<column name="tmp_16_23_reg_3076">32, 0, 32, 0</column>
<column name="tmp_16_24_reg_3106">32, 0, 32, 0</column>
<column name="tmp_16_25_reg_3136">32, 0, 32, 0</column>
<column name="tmp_16_26_reg_3166">32, 0, 32, 0</column>
<column name="tmp_16_27_reg_3196">32, 0, 32, 0</column>
<column name="tmp_16_28_reg_3226">32, 0, 32, 0</column>
<column name="tmp_16_29_reg_3256">32, 0, 32, 0</column>
<column name="tmp_16_2_reg_2416">32, 0, 32, 0</column>
<column name="tmp_16_30_reg_3276">32, 0, 32, 0</column>
<column name="tmp_16_3_reg_2446">32, 0, 32, 0</column>
<column name="tmp_16_4_reg_2476">32, 0, 32, 0</column>
<column name="tmp_16_5_reg_2506">32, 0, 32, 0</column>
<column name="tmp_16_6_reg_2536">32, 0, 32, 0</column>
<column name="tmp_16_7_reg_2566">32, 0, 32, 0</column>
<column name="tmp_16_8_reg_2596">32, 0, 32, 0</column>
<column name="tmp_16_9_reg_2626">32, 0, 32, 0</column>
<column name="tmp_16_s_reg_2656">32, 0, 32, 0</column>
<column name="tmp_17_10_reg_2711">32, 0, 32, 0</column>
<column name="tmp_17_11_reg_2741">32, 0, 32, 0</column>
<column name="tmp_17_12_reg_2771">32, 0, 32, 0</column>
<column name="tmp_17_13_reg_2801">32, 0, 32, 0</column>
<column name="tmp_17_14_reg_2831">32, 0, 32, 0</column>
<column name="tmp_17_15_reg_2861">32, 0, 32, 0</column>
<column name="tmp_17_16_reg_2891">32, 0, 32, 0</column>
<column name="tmp_17_17_reg_2921">32, 0, 32, 0</column>
<column name="tmp_17_18_reg_2951">32, 0, 32, 0</column>
<column name="tmp_17_19_reg_2981">32, 0, 32, 0</column>
<column name="tmp_17_1_reg_2411">32, 0, 32, 0</column>
<column name="tmp_17_20_reg_3011">32, 0, 32, 0</column>
<column name="tmp_17_21_reg_3041">32, 0, 32, 0</column>
<column name="tmp_17_22_reg_3071">32, 0, 32, 0</column>
<column name="tmp_17_23_reg_3101">32, 0, 32, 0</column>
<column name="tmp_17_24_reg_3131">32, 0, 32, 0</column>
<column name="tmp_17_25_reg_3161">32, 0, 32, 0</column>
<column name="tmp_17_26_reg_3191">32, 0, 32, 0</column>
<column name="tmp_17_27_reg_3221">32, 0, 32, 0</column>
<column name="tmp_17_28_reg_3251">32, 0, 32, 0</column>
<column name="tmp_17_29_reg_3271">32, 0, 32, 0</column>
<column name="tmp_17_2_reg_2441">32, 0, 32, 0</column>
<column name="tmp_17_30_reg_3281">32, 0, 32, 0</column>
<column name="tmp_17_3_reg_2471">32, 0, 32, 0</column>
<column name="tmp_17_4_reg_2501">32, 0, 32, 0</column>
<column name="tmp_17_5_reg_2531">32, 0, 32, 0</column>
<column name="tmp_17_6_reg_2561">32, 0, 32, 0</column>
<column name="tmp_17_7_reg_2591">32, 0, 32, 0</column>
<column name="tmp_17_8_reg_2621">32, 0, 32, 0</column>
<column name="tmp_17_9_reg_2651">32, 0, 32, 0</column>
<column name="tmp_17_s_reg_2681">32, 0, 32, 0</column>
<column name="tmp_24_cast_reg_2332">7, 0, 64, 57</column>
<column name="tmp_4_reg_2288">6, 0, 64, 58</column>
<column name="tmp_5_reg_2356">32, 0, 32, 0</column>
<column name="tmp_8_mid2_v_v_reg_3295">6, 0, 6, 0</column>
<column name="a_0_load_1_mid2_reg_2268">64, 128, 64, 58</column>
<column name="a_0_load_mid2_reg_2244">64, 128, 64, 58</column>
<column name="exitcond_flatten1_reg_2223">64, 128, 1, 0</column>
<column name="j_0_i_i_mid2_reg_2232">64, 128, 6, 0</column>
<column name="p_v_reg_2238">64, 128, 6, 0</column>
<column name="tmp_24_cast_reg_2332">64, 128, 64, 57</column>
<column name="tmp_4_reg_2288">64, 128, 64, 58</column>
</table>
</item>
</section>
</item>
</section>

<section name = "Interface" level="0">
<item name = "Summary"><table name="" hasTotal="0">
<keys size="6">RTL Ports, Dir, Bits, Protocol, Source Object, C Type</keys>
<column name="s_axi_CONTROL_BUS_AWVALID">in, 1, s_axi, CONTROL_BUS, return void</column>
<column name="s_axi_CONTROL_BUS_AWREADY">out, 1, s_axi, CONTROL_BUS, return void</column>
<column name="s_axi_CONTROL_BUS_AWADDR">in, 4, s_axi, CONTROL_BUS, return void</column>
<column name="s_axi_CONTROL_BUS_WVALID">in, 1, s_axi, CONTROL_BUS, return void</column>
<column name="s_axi_CONTROL_BUS_WREADY">out, 1, s_axi, CONTROL_BUS, return void</column>
<column name="s_axi_CONTROL_BUS_WDATA">in, 32, s_axi, CONTROL_BUS, return void</column>
<column name="s_axi_CONTROL_BUS_WSTRB">in, 4, s_axi, CONTROL_BUS, return void</column>
<column name="s_axi_CONTROL_BUS_ARVALID">in, 1, s_axi, CONTROL_BUS, return void</column>
<column name="s_axi_CONTROL_BUS_ARREADY">out, 1, s_axi, CONTROL_BUS, return void</column>
<column name="s_axi_CONTROL_BUS_ARADDR">in, 4, s_axi, CONTROL_BUS, return void</column>
<column name="s_axi_CONTROL_BUS_RVALID">out, 1, s_axi, CONTROL_BUS, return void</column>
<column name="s_axi_CONTROL_BUS_RREADY">in, 1, s_axi, CONTROL_BUS, return void</column>
<column name="s_axi_CONTROL_BUS_RDATA">out, 32, s_axi, CONTROL_BUS, return void</column>
<column name="s_axi_CONTROL_BUS_RRESP">out, 2, s_axi, CONTROL_BUS, return void</column>
<column name="s_axi_CONTROL_BUS_BVALID">out, 1, s_axi, CONTROL_BUS, return void</column>
<column name="s_axi_CONTROL_BUS_BREADY">in, 1, s_axi, CONTROL_BUS, return void</column>
<column name="s_axi_CONTROL_BUS_BRESP">out, 2, s_axi, CONTROL_BUS, return void</column>
<column name="ap_clk">in, 1, ap_ctrl_hs, HLS_accel, return value</column>
<column name="ap_rst_n">in, 1, ap_ctrl_hs, HLS_accel, return value</column>
<column name="interrupt">out, 1, ap_ctrl_hs, HLS_accel, return value</column>
<column name="INPUT_STREAM_TDATA">in, 32, axis, INPUT_STREAM_data_V, pointer</column>
<column name="INPUT_STREAM_TVALID">in, 1, axis, INPUT_STREAM_dest_V, pointer</column>
<column name="INPUT_STREAM_TREADY">out, 1, axis, INPUT_STREAM_dest_V, pointer</column>
<column name="INPUT_STREAM_TDEST">in, 5, axis, INPUT_STREAM_dest_V, pointer</column>
<column name="INPUT_STREAM_TKEEP">in, 4, axis, INPUT_STREAM_keep_V, pointer</column>
<column name="INPUT_STREAM_TSTRB">in, 4, axis, INPUT_STREAM_strb_V, pointer</column>
<column name="INPUT_STREAM_TUSER">in, 4, axis, INPUT_STREAM_user_V, pointer</column>
<column name="INPUT_STREAM_TLAST">in, 1, axis, INPUT_STREAM_last_V, pointer</column>
<column name="INPUT_STREAM_TID">in, 5, axis, INPUT_STREAM_id_V, pointer</column>
<column name="OUTPUT_STREAM_TDATA">out, 32, axis, OUTPUT_STREAM_data_V, pointer</column>
<column name="OUTPUT_STREAM_TREADY">in, 1, axis, OUTPUT_STREAM_data_V, pointer</column>
<column name="OUTPUT_STREAM_TVALID">out, 1, axis, OUTPUT_STREAM_dest_V, pointer</column>
<column name="OUTPUT_STREAM_TDEST">out, 5, axis, OUTPUT_STREAM_dest_V, pointer</column>
<column name="OUTPUT_STREAM_TKEEP">out, 4, axis, OUTPUT_STREAM_keep_V, pointer</column>
<column name="OUTPUT_STREAM_TSTRB">out, 4, axis, OUTPUT_STREAM_strb_V, pointer</column>
<column name="OUTPUT_STREAM_TUSER">out, 4, axis, OUTPUT_STREAM_user_V, pointer</column>
<column name="OUTPUT_STREAM_TLAST">out, 1, axis, OUTPUT_STREAM_last_V, pointer</column>
<column name="OUTPUT_STREAM_TID">out, 5, axis, OUTPUT_STREAM_id_V, pointer</column>
</table>
</item>
</section>

<section name = "Critical Path" level="0">
<item name = "Max Delay">8.09</item>
<item name = "Critical Path Table"><table name="Critical Path Table" hasTotal="0">
<keys size="15">Name, Operator, Delay, Accumulated Delay, Store Source, Resource, Core, Interface, Type, Port, Array, Scope, Pointer, Callee, Phi Node</keys>
<column name="'i1_0_i', vhls/mmult.h:153->vhls/mmult_accel.cpp:36">phi, 0.00, 0.00, -, -, -, -, -, -, -, -, -, -, &apos;arrayNo1_cast_mid2_v&apos;, vhls/mmult.h:153-&gt;vhls/mmult_accel.cpp:36</column>
<column name="'i', vhls/mmult.h:148->vhls/mmult_accel.cpp:36">add, 1.83, 1.83, -, -, -, -, -, -, -, -, -, -, -</column>
<column name="'arrayNo1_cast_mid2_v', vhls/mmult.h:153->vhls/mmult_accel.cpp:36">select, 1.19, 3.01, -, -, -, -, -, -, -, -, -, -, -</column>
<column name="'tmp_7', vhls/mmult.h:153->vhls/mmult_accel.cpp:36">shl, 0.00, 3.01, -, -, -, -, -, -, -, -, -, -, -</column>
<column name="'tmp_9_cast', vhls/mmult.h:150->vhls/mmult_accel.cpp:36">zext, 0.00, 3.01, -, -, -, -, -, -, -, -, -, -, -</column>
<column name="'tmp_8', vhls/mmult.h:153->vhls/mmult_accel.cpp:36">add, 1.83, 4.84, -, -, -, -, -, -, -, -, -, -, -</column>
<column name="'tmp_13_cast', vhls/mmult.h:153->vhls/mmult_accel.cpp:36">zext, 0.00, 4.84, -, -, -, -, -, -, -, -, -, -, -</column>
<column name="'b_12_addr', vhls/mmult.h:153->vhls/mmult_accel.cpp:36">getelementptr, 0.00, 4.84, -, -, -, -, -, -, -, -, -, -, -</column>
<column name="vhls/mmult.h:153->vhls/mmult_accel.cpp:36">store, 3.25, 8.09, &apos;ret&apos;, vhls/mmult.h:84-&gt;vhls/mmult.h:153-&gt;vhls/mmult_accel.cpp:36, -, -, -, -, -, &apos;b[12]&apos;, vhls/mmult.h:132-&gt;vhls/mmult_accel.cpp:36, -, -, -, -</column>
</table>
</item>
</section>
</profile>
